image_id,caption,text_id,new_image_id,new_caption
Image14001001-0000.jpg,《绿色北京》摄影大赛胡子<人名>作品,1,140010010000,绿色北京 摄影大赛胡子 作品 
Image14001001-0002.jpg,招聘计划学校现有教职工1500余人.,2,140010010002,招聘计划学校 教职工 人 
Image14001001-0191.jpg,"大厨告诉你家常做法,让你吃一回",3,140010010191,你家常做法 大厨 
Image14001001-0210.jpg,"暴雪袭击合肥:""城市守护者""带来融融暖意",4,140010010210,融融暖意 城市守护者 暴雪 
Image14001001-0214.jpg,"比乔家大院大5000倍,历时400年建成,山西民居全国罕见",5,140010010214,乔家大院 山西民居全国 
Image14001001-0220.jpg,"3月以来线上登记船舶数量实现高速增长,近三个月线上登记船舶总数为",6,140010010220,月线上登记船舶总数 线上登记船舶数量 
Image14001001-0244.jpg,"校园安全防患于未""燃"",这些要点要知道",7,140010010244,校园安全防患于 要点 
Image14001001-0261.jpg,4240万像素背照全幅 索尼rx1rii相机展出,8,140010010261,像素背照全幅 相机 
Image14001001-0341.jpg,"因为不论演谁,他都有自己独有的味道.",9,140010010341,味道 
Image14001001-0349.jpg,到底稳吗?客服说稳!会放款失败吗?,10,140010010349,客服 失败 
Image14001001-0420.jpg,"外头醒目的白底黑字招牌,洋溢著日式道地的视觉享受;店内红,黑",11,140010010420,日式道地 白底黑字招牌 店 
Image14001001-0476.jpg,"内搭的针织衫与包包同色系,还有骚气的橘色大衣,惹眼又很时髦.",12,140010010476,针织衫 橘色大衣 骚气 
Image14001001-0512.jpg,西风狂诗曲:正传创世纪战ⅲ,13,140010010512,西风狂诗曲:正传创世纪战ⅲ
Image14001001-0598.jpg,我希望你也这样做.不要为了感情抹杀自己的尊严和良心.,14,140010010598,尊严 良心 感情 
Image14001001-0638.jpg,庄严训词激发豪迈力量铮铮誓言展示忠诚品格猎猎警旗指引前进方向,15,140010010638,庄严训词 忠诚品格 豪迈力量 
Image14001001-0668.jpg,"男子骑自行车,汽车一直按喇叭,男子偏不让,结果损失了",16,140010010668,男子 喇叭 自行车 
Image14001001-0682.jpg,"48%,与去年同期相比提升6.17个百分点;线上渠道收入35.",17,140010010682,线上渠道收入 百分点 
Image14001001-0726.jpg,风机会根据需要适时开启调节湿度.,18,140010010726,风机会 湿度 
Image14001001-0763.jpg,"那么假以时日回到中国,谢晖就能够与<人名>样成为本土主帅的佼佼者",19,140010010763,本土主帅 谢晖 佼佼者 
Image14001001-0893.jpg,重庆万云招待所,20,140010010893,重庆万云招待所
Image14001001-0940.jpg,"天津6家不搞噱头却让人日日夜夜想要的素斋餐厅,也许是你净化身心的",21,140010010940,素斋餐厅 噱头 身心 
Image14001001-0950.jpg,"听说,一生有三个月的时间都在马桶上度过呢",22,140010010950,马桶 一生 时间 
Image14001001-1009.jpg,之《寸土不让》刘启端绘画【点击链接欣赏】武侠连环画《神腿杜心五》,23,140010011009,寸土不让 点击链接欣赏 神腿杜心五 武侠连环画 刘启端绘画 神腿杜心 
Image14001001-1035.jpg,"简笔画,极简也可以让你感觉有超高画技在朋友面前炫酷一下.",24,140010011035,简笔画 高画技 朋友 
Image14001001-1062.jpg,特色小吃刚哥卤肉卷,25,140010011062,特色小吃刚哥卤肉卷
Image14001001-1159.jpg,"没有吃过这些糯食,你都不知道武汉人有多会吃.",26,140010011159,糯食 武汉人 
Image14001001-1160.jpg,看图写话是低年级学生写作能力培养的重要方法.,27,140010011160,低年级学生写作能力 重要方法 图 
Image14001001-1294.jpg,"我系吧台旁边坐好,店员放将餐牌放系台面.",28,140010011294,将餐牌 店员 台面 
Image14001001-1307.jpg,"河南卫视""中国豫剧百团争霸""青年演员电视大赛晋级赛",29,140010011307,河南卫视 中国豫剧 青年演员电视大赛 
Image14001001-1411.jpg,阴阳师:说说被玩家冷落的几位版本之子 这几位式神其实真的很强,30,140010011411,几位版本 式神 玩家 
Image14001001-1472.jpg,"常觉得人因为得有个自我的形象要顾及,所以行事也就矛盾跟迂回了,说",31,140010011472,矛盾 形象 人 
Image14001001-1476.jpg,校花女神米咪开学季美图曝光 翘马尾轻盈青春尽显童真,32,140010011476,季美图 轻盈青春 校花女神 
Image14001001-1524.jpg,"截止2021,排名赛冠军数统计,亨得利和奥沙利文令人望尘莫及",33,140010011524,排名赛冠军数 奥沙利文 亨得利 
Image14001001-1545.jpg,通用ld型单梁桥式起重机 单梁吊车小起重机 电动单梁起重机,34,140010011545,电动单梁起重机 通用ld型单梁桥式起重机 单梁吊车小起重机 
Image14001001-1547.jpg,"(4)工作认真负责,热情主动,具有团队合作精神.",35,140010011547,团队合作精神 工作 
Image14001001-1616.jpg,"七勾玉轮回眼和净眼谁更强?佐助:加在一起,还没我哥的",36,140010011616,玉轮回眼 哥 
Image14001001-1665.jpg,网易首页>网易号>正文申请入驻> 把花椒擀碎或是用破壁机给打成粉,37,140010011665,网易首页 网易号 破壁机 
Image14001001-1711.jpg,欢乐积分套装助你任性拍卖!,38,140010011711,欢乐积分套装助你任性拍卖!
Image14001001-1755.jpg,"山东这列<人名>在建设中,里程494公里,途经临沂日照等",39,140010011755,临沂日照 山东这列 里程 
Image14001001-1784.jpg,网易首页>网易号>正文申请入驻> 早在波士顿凯尔特人队效力的时候,40,140010011784,网易首页 网易号 波士顿凯尔特人队效力 
Image14001001-1786.jpg,"最难捧的女演员,一年出演6部电视剧,当了38次女主角都",41,140010011786,女演员 女主角 电视剧 
Image14001001-2091.jpg,"市委书记<人名>,市长<人名>一行视察我公司人民南路施工建设",42,140010012091,市委书记 公司人民南路施工建设 一行 
Image14001001-2112.jpg,孟晚舟被加拿大暂扣5g板块下挫 华为92家供应商备全名单,43,140010012112,g板块 供应商备全名单 华为 
Image14001001-2139.jpg,陕西省结核病防治研究所 致广大学生家长的一封信,44,140010012139,陕西省结核病防治研究所 广大学生家长 信 
Image14001001-2163.jpg,卖挂还整出情怀来了丨今日最黑,45,140010012163,卖挂还整出情怀来了丨今日最黑
Image14001001-2255.jpg,"""湿邪""侵入脾胃,会引起腹泻,水肿,食欲不振,恶心等病症.",46,140010012255,病症 脾胃 水肿 
Image14001001-2283.jpg,唯美励志现代诗词5首 愿你2019闪耀光芒,47,140010012283,诗词 光芒 
Image14001001-2322.jpg,当白天遇到黑夜——读《心喜阅成长启蒙绘本.,48,140010012322,成长启蒙绘本 黑夜 心 
Image14001001-2349.jpg,"园区发展初期即成立企业服务部门,定期走访企业,听取企业意见,力求",49,140010012349,园区发展 企业意见 企业服务部门 
Image14001001-2402.jpg,国际司:培育国际合作和竞争新优势 大力推进工业通信业开放发展,50,140010012402,工业通信业 国际合作 竞争新优势 
Image14001001-2540.jpg,我爸都是铁粉的店谁说它过气了,51,140010012540,我爸都是铁粉的店谁说它过气了
Image14001001-2550.jpg,"中东此国资源匮乏,海岸线不到20公里,每年却能创造30亿美元收入",52,140010012550,国资源 中东 海岸线 
Image14001001-2706.jpg,爱普生新品投影机获中国环保节能认证,53,140010012706,中国环保节能认证 爱普生新品投影机 
Image14001001-2807.jpg,高反光 9芯军规伞绳/伞兵绳救生绳求生绳户外绳子逃生绳帐篷绳,54,140010012807,高反光 9芯军规伞绳 绳帐篷绳 
Image14001001-2899.jpg,"斗草阶前初见,穿针楼上曾逢.罗裙香露玉钗风.靓妆眉沁",55,140010012899,靓妆眉 罗裙香 草阶 
Image14001001-3037.jpg,颜值这么高的日式和菓子你吃过么?我居然在五角场找到,56,140010013037,日式 五角场 颜值 
Image14001001-3061.jpg,"小编引用了一张网上的图片,是不是很清楚了呢? 图片来源于网络",57,140010013061,图片 网络 
Image14001001-3078.jpg,发片两边蓬松中分刘海假发片无痕隐形两侧修脸流海女,58,140010013078,假发片 脸流海 痕 
Image14001001-3095.jpg,中世纪的繁盛时代再也回不来了,59,140010013095,中世纪的繁盛时代再也回不来了
Image14001001-3107.jpg,"时间过得真快,回想起上次来《拜托了冰箱》还是上次.",60,140010013107,拜托了冰箱 冰箱 时间 
Image14001001-3113.jpg,撩妹撩汉用的微信恶搞熊猫头带字表情包,61,140010013113,字表情 微信 妹 
Image14001001-3161.jpg,"这些声音,从陆仙人刚开始拍视频到现在从未间断,但他一直不屑一",62,140010013161,陆仙人 视频 声音 
Image14001001-3214.jpg,淘宝有趣商品收集录(1),63,140010013214,淘宝有趣商品收集录(1)
Image14001001-3276.jpg,"恰好发现了两名刚下水不久的非法电鱼者,此时他也看到灌阳镇的执法",64,140010013276,非法电鱼者 灌阳镇 执法 
Image14001001-3366.jpg,90后南拳套路王讲述武魂传承,65,140010013366,90后南拳套路王讲述武魂传承
Image14001001-3391.jpg,金黄稻浪鼓声响 优人池上惊艳全场,66,140010013391,惊艳全场 优人 金黄稻浪 
Image14001001-3411.jpg,纹身t恤 天龙八部众 天众,67,140010013411,纹身t恤 天龙八部众 天众
Image14001001-3508.jpg,04思维导图学古诗——遇见最美古诗词 《山行》.杜牧,68,140010013508,山行 美古诗词 思维导图 杜牧 
Image14001001-3614.jpg,"合肥新桥国际机场女安检员骚扰艺人,网友说:男人也要学会自我保护",69,140010013614,合肥新桥国际机场女安检员 艺人 男人 
Image14001001-3685.jpg,赌<人名>素颜逛街太大妈宽松卫衣遮不住大肚子长女同样变路人,70,140010013685,路人 大妈宽松卫衣 大肚子长女 
Image14001001-3720.jpg,"首先是真实场景引入,孩子会对这个问题迅速产生兴趣和熟悉感.",71,140010013720,真实场景 孩子 兴趣 
Image14001001-3744.jpg,"得益于挖孔面积的合理控制和超窄边框设计,整个手机正面的视觉效果",72,140010013744,视觉效果 孔面积 整个手机 
Image14001001-3867.jpg,"有别于矛盾丛生的争产剧,该剧运用了风趣幽默的形式来叙述郭家的喜怒",73,140010013867,争产剧 郭家 喜怒 
Image14001001-3889.jpg,图片显示白延线伸到和斑马线同步 网友论坛截图,74,140010013889,网友论坛截图 白延线 斑马线 
Image14001001-3986.jpg,"平坦的山梁之上,望不到边的大白菜正在饱饱地吸收着日照的滋养.",75,140010013986,山梁 大白菜 滋养 
Image14001001-4049.jpg,泰山爷塑像 五岳大帝 南岳大帝神像 三官大帝雕塑厂家,76,140010014049,泰山爷塑像 官大帝雕塑厂家 南岳大帝神像 
Image14001001-4110.jpg,用照片留住自己的青春~  ￥59.,77,140010014110,青春 照片 
Image14001001-4208.jpg,学党史践初心担使命软件动漫学院组织师生党员开展进寝室讲党史微党课,78,140010014208,党史微党课 使命软件动漫学院组织师生党员 初心 
Image14001001-4211.jpg,暑期童书大放价成语故事(彩图注音版4册)9064861_唯品,79,140010014211,童书 价成语故事 
Image14001001-4237.jpg,"原创在家做口水鸡,简单好做又不累,鸡肉滑嫩又多汁,鲜香麻辣超开胃",80,140010014237,口水鸡 多汁 鸡肉 
Image14001001-4260.jpg,鄂伦春舞《斗熊》.,81,140010014260,鄂伦春舞《斗熊》.
Image14001001-4280.jpg,剧版你是我的荣耀超话再美好的星空也在你面前黯淡无光 因为你是那么,82,140010014280,荣耀超话 黯淡无光 剧版 
Image14001001-4384.jpg,"2,沪镍,单k下破形成空头调整波段,短线偏空",83,140010014384,沪镍 单k 波段 
Image14001001-4470.jpg,"欢乐儿童节-长安带您""回味童年时代""",84,140010014470,时代 
Image14001001-4541.jpg,风靡全国的锅盖烤肉终于来长寿了!开业打5.8折!即将被,85,140010014541,锅盖烤肉 全国 
Image14001001-4560.jpg,一文了解新兴领域肿瘤心脏病学,86,140010014560,一文了解新兴领域肿瘤心脏病学
Image14001001-4803.jpg,"猎场呈""三低一高""新趋势:低龄化,低薪化,低成本化,高效化",87,140010014803,低薪化 低成本化 新趋势 
Image14001001-4890.jpg,"抗病毒,增强抵抗力,预防感冒及肠胃道疾病的发生. 4.",88,140010014890,肠胃道疾病 抵抗力 病毒 
Image14001001-4900.jpg,喝酒后的心情经典句子,89,140010014900,喝酒后的心情经典句子
Image14001001-4902.jpg,西甲-梅西飞铲染黄皇马2-0巴萨登顶 西班牙人1-1马竞,90,140010014902,2-0巴萨 西甲-梅西 西班牙人1-1马竞 
Image14001001-5002.jpg,中元节食俗,91,140010015002,中元节食俗
Image14001001-5146.jpg,汽车 正文  迅猛增长的业绩首先源于市场和消费者对东风雷诺产品的,92,140010015146,东风雷诺产品 正文 汽车 
Image14001001-5155.jpg,中国股市稳如磐石a股最强潜质的7大龙头谁才是真正的潜力黑马,93,140010015155,强潜质 潜力黑马 中国股市 
Image14001001-5417.jpg,"读音是""qiou""?@唐山人 说的是你吗?",94,140010015417,读音 qiou @唐山人 
Image14001001-5568.jpg,"""神的后花园""这样的美誉,喀纳斯当之无愧_汗德",95,140010015568,汗德 喀纳斯 美誉 
Image14001001-5629.jpg,安邦健康险怎么样?,96,140010015629,安邦健康险怎么样?
Image14001001-5717.jpg,08 jalen green只有职业运动员才能拥有球鞋合同?,97,140010015717,jalen green 球鞋合同 职业运动员 
Image14001001-5740.jpg,苏宁易购进入了全新的改革时代零售之王黄明瑞能否拯救,98,140010015740,王黄明瑞 改革时代零售 苏宁易购 
Image14001001-5872.jpg,"不用猜都应该想的到,这样一个责任心极重的男人,肯定又是一个彻头彻",99,140010015872,责任心 彻头彻 男人 
Image14001001-5938.jpg,冰岛火山爆发,100,140010015938,冰岛火山爆发
Image14001001-6042.jpg,"风景在路上:丹霞地貌之精华,国家地质公园——崀山自助休闲之旅",101,140010016042,丹霞地貌之精华 崀山自助休闲 国家地质公园 
Image14001001-6453.jpg,"疫情之下,在线教育迎来""大练兵""",102,140010016453,在线教育 大练兵 疫情 
Image14001001-6521.jpg,"0l,2.4l两种排量共6款车型,20万落地的预算可以买到2.",103,140010016521,0l 排量 车型 
Image14001001-6541.jpg,"<人名>追求<人名>失败恼羞成怒,不甘互撕,我有钱有什么得不到的?",104,140010016541,钱 
Image14001001-6584.jpg,"有网友希望学校取消他海洋大学的研究生入学资格,  他更是直接威胁",105,140010016584,海洋大学 研究生入学资格 学校 
Image14001001-6662.jpg,微胖搭配显高150穿搭显瘦套价格质量 哪个牌子比较好,106,140010016662,瘦套价格质量 牌子 
Image14001001-6799.jpg,"4%,而截至8月24日,8月累计成交仅1420套.",107,140010016799,套. 
Image14001001-6820.jpg,奔驰威霆装饰和配置有多豪华 改装价格_凤凰网汽车,108,140010016820,威霆装饰 凤凰网汽车 改装价格 
Image14001001-6931.jpg,除了价格空间也是它的优势小哥带你一起看哈弗h6,109,140010016931,优势小哥 价格空间 哈弗h6 
Image14001001-7019.jpg,学党史悟思想办实事开新局南江县仁和镇五个一推动党史学习教育走深走,110,140010017019,新局南江县仁和镇 党史 实事 
Image14001001-7050.jpg,华熙live528即将揭幕 成都新添文体生活打卡胜地,111,140010017050,文体生活打卡胜地 华熙live528 成都 
Image14001001-7113.jpg,钱枫被曝性侵酒色与金钱的权力游戏,112,140010017113,钱枫 权力游戏 酒色 
Image14001001-7137.jpg,为肝脏排毒,113,140010017137,为肝脏排毒
Image14001001-7387.jpg,庄里的亲们赶紧去看看!,114,140010017387,庄里的亲们赶紧去看看!
Image14001001-7403.jpg,本文由极果没ъ教逶,115,140010017403,本文由极果没ъ教逶
Image14001001-7462.jpg,指挥刀柄,116,140010017462,指挥刀柄
Image14001001-7489.jpg,"不想剪掉及腰长发,那就扎个时髦马尾清爽一夏!",117,140010017489,时髦马尾 腰长发 
Image14001001-7575.jpg,"福州橘园洲东桥头""动手术""缓堵 4条匝道将封闭改造",118,140010017575,福州橘园洲 匝道 手术 
Image14001001-7673.jpg,"华尔街生死大战,游戏驿站暴跌,放几个英国房东的出租案例来压压惊",119,140010017673,游戏驿站 出租案例 英国房东 
Image14001001-7850.jpg,【荒岛音乐趴】| 特价399 | 快艇 浮潜 烧烤露营 音乐,120,140010017850,荒岛音乐趴 荒岛音乐 浮潜 烧烤 特价 
Image14001001-7908.jpg,痛心又一起袭警事件发生民警生命安全究竟该如何保障,121,140010017908,警事件 民警生命安全 
Image14001001-7936.jpg,"雁塔区未来五年商贸规划:打造""一核四区多中心""发展格局!",122,140010017936,商贸规划 发展格局 雁塔区 
Image14001001-7938.jpg,"在大众的印象中,豪华车基本上都是以黑色为主,显示出黑色和稳重的",123,140010017938,豪华车 黑色 大众 
Image14001001-7943.jpg,大北京的外卖金字塔让,124,140010017943,大北京的外卖金字塔让
Image14001001-7946.jpg,【春申连心】民建闵行区委赴福建南平开展学习交流活动,125,140010017946,春申连心 福建南平 交流活动 民建闵行区委 
Image14001001-7949.jpg,"中国女排,六连胜!",126,140010017949,"中国女排,六连胜!"
Image14001001-8029.jpg,这里是北京之雍和宫里展出的精品佛像_手机搜狐网,127,140010018029,雍和宫 手机搜狐网 精品佛像 
Image14001001-8053.jpg,泾县开展2020年防汛抢险综合实战演练,128,140010018053,防汛抢险综合实战演练 
Image14001001-8201.jpg,"""面对马上就要到来的大学生活<人名>充满着向往她表示接下来将继续",129,140010018201,大学生活 
Image14001001-8419.jpg,"在某种意义上说,宇宙是由微",130,140010018419,"在某种意义上说,宇宙是由微"
Image14001001-8437.jpg,"母亲是<人名>长女李敏,父亲是孔从洲将军之子<人名>.",131,140010018437,长女李敏 孔从洲将军 父亲 
Image14001001-8486.jpg,"钢骨本名为维克多·斯通,在一次爆炸意外中受到濒死的重伤,他的父亲",132,140010018486,钢骨 濒死 重伤 
Image14001001-8499.jpg,"厦门大学深圳研究院首席代表,德高望众的黄良快老先生一行莅临集团",133,140010018499,厦门大学深圳研究院首席代表 黄良 老先生一行 
Image14001001-8507.jpg,"1,不按交易计划行事,临时起意,盘中忽然决定开新仓.",134,140010018507,新仓 交易计划 意 
Image14001001-8529.jpg,明悦,135,140010018529,明悦
Image14001001-8621.jpg,"oppo watch 2值不值得买?看看知乎,京东等平台的评价",136,140010018621,知乎 京东 oppo 
Image14001001-8830.jpg,"同时我公司的玻璃制品畅销国内外,与众多企业达成了长期合作关系并",137,140010018830,玻璃制品畅销 长期合作关系 企业 
Image14001001-8861.jpg,眉毛看相有痣命运好不好?,138,140010018861,眉毛看相有痣命运好不好?
Image14001001-8882.jpg,"尺度与耻度齐飞「深夜剧」,岛国真敢拍|相亲|小梅",139,140010018882,尺度与耻度 岛国 
Image14001001-8951.jpg,解庆伦校长对疫情防控工作作重点强调和部署参会教师认真听会会议最后,140,140010018951,教师认真听会会议 疫情防控工作 校长 
Image14001001-8983.jpg,"而且生肖马之人天生福气深厚,不仅年纪轻轻就能有所建树.",141,140010018983,生肖马 福气 建树 
Image14001001-9081.jpg,<人名>实在太可爱啦!表演赛!,142,140010019081,表演赛 
Image14001001-9127.jpg,"这玩意和玉米共生,农民看到都头疼,在国外却是美食,7美元1斤",143,140010019127,玉米共生 玩意 美食 
Image14001001-9223.jpg,华一实验学校,144,140010019223,华一实验学校
Image14001001-9233.jpg,花呗怎么提前还款查看利息,145,140010019233,花呗怎么提前还款查看利息
Image14001001-9251.jpg,"话不多说,看看具体情况吧!关注31分钟前 体育领域创作者孟哥说球",146,140010019251,体育领域创作者孟哥 具体情况 球 
Image14001001-9284.jpg,"「多少moreless」北京第一代""闪店""",147,140010019284,闪店 北京 
Image14001001-9291.jpg,"机构需求太旺盛!这类基金百亿爆款频出,今年最最少也有6只!",148,140010019291,机构需求 爆款 基金 
Image14001001-9377.jpg,南昌市治幼儿眼部血管瘤,149,140010019377,南昌市治幼儿眼部血管瘤
Image14001001-9458.jpg,联通手机大卖场,150,140010019458,联通手机大卖场
Image14001001-9461.jpg,绿驹电车,151,140010019461,绿驹电车
Image14001001-9486.jpg,天喜筋力源f筋力源d面条增筋剂面条拉面烩面刀削面速效强筋剂1kg,152,140010019486,喜筋力 f筋力源d面条增筋剂面条拉面 刀削面速效强筋剂 
Image14001001-9490.jpg,"有些地区,洗一次衣服要重染一次,以保证色彩鲜艳.",153,140010019490,色彩 衣服 地区 
Image14001001-9548.jpg,微信早上好祝福语图片,154,140010019548,微信早上好祝福语图片
Image14001001-9578.jpg,"比如人们会用""相濡以沫"",来赞美爱人的相互扶持.",155,140010019578,爱人 人们 
Image14001001-9627.jpg,安全考核细则,156,140010019627,安全考核细则
Image14001001-9744.jpg,"另外,它还支持后盖定制服务,也代表了手机模块化的趋势.",157,140010019744,手机模块化 定制服务 趋势 
Image14001001-9816.jpg,"这五种寓意友情地久天长的花,送给一直默默陪伴,守护的朋友们!",158,140010019816,朋友们 友情 天长 
Image14001001-9867.jpg,中国县域经济100强研究成果 江苏领先苏州前五占三席,159,140010019867,中国县域经济 强研究成果 苏州 
Image14001002-0009.jpg,共筑强军梦 翰墨抒情怀,160,140010020009,共筑强军梦 翰墨抒情怀
Image14001002-0011.jpg,"琦玉已经变成表情包了.琦玉啥也不管了,要出全力了.",161,140010020011,琦玉 .琦玉 表情 
Image14001002-0055.jpg,"这样一个寄托了你所有的期望的儿子,有时候真是让妈妈们无比骄傲.",162,140010020055,妈妈们 儿子 期望 
Image14001002-0067.jpg,要行管政议复与征地补偿安置尽议裁争袭制度昔有许多共同之,163,140010020067,征地补偿安置尽议 政议 制度 
Image14001002-0135.jpg,"<人名>《爱我》蜕变 ""反恐精英""变身时尚设计师",164,140010020135,爱我 时尚设计师 恐精英 蜕变 
Image14001002-0182.jpg,"荆门天地2期是哪个开发商开发的,荆门天地小区开发商资质如何",165,140010020182,荆门天地小区开发商资质 荆门天地2期 
Image14001002-0310.jpg,"左搂<人名>,右抱<人名>,30年前的「<人名>」好风流",166,140010020310,
Image14001002-0350.jpg,"但是不可忽视的是,年轻人的生活压力反而更大了",167,140010020350,生活压力 年轻人 
Image14001002-0364.jpg,q4:入学后该怎么找到自己宿舍?,168,140010020364,q4 宿舍 
Image14001002-0381.jpg,【小资chic】上海时装周独家专访:朱赞锦,169,140010020381,小资chic 朱赞锦 上海时装周 
Image14001002-0382.jpg,运势一路飘红事业大翻身财运旺富贵来的三生肖,170,140010020382,财运 红事业大 运势 
Image14001002-0388.jpg,她漫无目的地走在冰冷的大街上.,171,140010020388,目 大街 
Image14001002-0431.jpg,"三,十二星座本周表白成功指数!",172,140010020431,成功指数 星座 
Image14001002-0518.jpg,"只会做红烧鱼,不妨试这外酥里嫩的酥炸鱼柳,搭配啤酒看球真过瘾",173,140010020518,红烧鱼 鱼柳 啤酒 
Image14001002-0532.jpg,女式夏银吊坠饰品配饰,174,140010020532,女式夏银吊坠饰品配饰
Image14001002-0548.jpg,【名庄直采】法国拉菲传奇干红葡萄酒6支装2016-【买,175,140010020548,名庄直采 法国拉菲传奇干红葡萄酒 名庄 
Image14001002-0572.jpg,"早晨火箭和奇才完成了一笔交易,火箭将拉塞尔-拉斯布鲁克交易至奇才",176,140010020572,拉塞尔-拉斯布鲁克交易 奇才 火箭 
Image14001002-0576.jpg,"在其后接受《东方早报·艺术评论》独家专访时,他谈起了宋画与他的",177,140010020576,东方早报·艺术评论 宋画 早报 艺术 
Image14001002-0697.jpg,"《终极斗罗》史莱克七怪成神之路,蓝轩宇:我已垫好,这",178,140010020697,终极斗罗 史莱克 蓝轩宇 神 
Image14001002-0714.jpg,"把养乐多加入到芒果汁里,没想到味道这么好喝,夏天做",179,140010020714,养乐 芒果汁 味道 
Image14001002-0715.jpg,"嘘!舟山群岛马拉松原来有个这样的""秘密""!很多人不知道",180,140010020715,舟山群岛马拉松 秘密 人 
Image14001002-0811.jpg,解读英国西班牙百年直布罗陀归属之争,181,140010020811,英国西班牙 直布罗陀 争 
Image14001002-0841.jpg,"设计师利用鲜艳可爱的多年生植物来柔化住宅的轮廓线条,同时为场地",182,140010020841,柔化住宅 多年生植物 轮廓线条 
Image14001002-0965.jpg,"""""进来.""话音刚落,一个小女孩闪进了我的办公室.",183,140010020965,小女孩 话音 办公室 
Image14001002-0982.jpg,新本威胜100-42 办完牌照 汽车下乡补贴,184,140010020982,汽车下乡补贴 牌照 威 
Image14001002-1059.jpg,"黄瓜鸡蛋面是一种以黄瓜,面条为原料的食物,口味清淡.",185,140010021059,黄瓜鸡蛋面 面条 口味 
Image14001002-1088.jpg,"
97再抽一件全队签名队服长城限定版!",186,140010021088,"
 全队签名队 长城 "
Image14001002-1142.jpg,"除節約用水的設計外,陳家滔亦關心弱勢社群,在學時就為視障人士專門",187,140010021142,學時 設計 節約 
Image14001002-1239.jpg,"""生完孩子后,我看到老公就火大,天天看他哪里都不顺眼",188,140010021239,老公 孩子 火 
Image14001002-1322.jpg,绿色建筑工程_江苏建设工程_装配式建筑公司-江苏建总,189,140010021322,绿色建筑工程 江苏建设工程 江苏建 
Image14001002-1377.jpg,"林逋,字君复,<人名>赐谥""和靖先生"".年少博学,通晓史籍.",190,140010021377,年少博学 字君复 史籍 
Image14001002-1525.jpg,芝加哥玛吉戴利城市公园景观设计 3,191,140010021525,芝加哥玛吉戴利城市公园景观设计 
Image14001002-1528.jpg,创新引领-科技强区,192,140010021528,创新引领-科技强区
Image14001002-1685.jpg,"大涨了20210721 周二简版: 朋友们,早上好.先回顾一下",193,140010021685,简版 朋友们 
Image14001002-1688.jpg,"考研资讯 天津师范大学艺术设计考研定向班火热招生中,该课程包含",194,140010021688,定向班火热招生 天津师范大学艺术设计 课程 
Image14001002-1722.jpg,标题:海岛朝霞,195,140010021722,标题:海岛朝霞
Image14001002-1729.jpg,"都美竹和其他受害者一开始有和解的打算,几个女孩都希望能回到平静",196,140010021729,受害者 和解 美竹 
Image14001002-1761.jpg,网易首页>网易号>正文申请入驻> 挥汗如雨的日与夜把直挂品貌缀,197,140010021761,网易首页 网易号 貌 
Image14001002-1830.jpg,"关注民生,关心教育,关爱学子,帮助困难家庭减轻子女上学经济负担",198,140010021830,困难家庭 经济负担 学子 
Image14001002-1888.jpg,"崇尚以趣味时尚的单品混搭不同造型,妆点不同心境,使众多追求时髦的",199,140010021888,趣味时尚 单品混搭不同造型 妆点不同心境 
Image14001002-1895.jpg,长安精选 | 泪目!这是两笔特殊的捐款……_拉齐尼,200,140010021895,泪目 _拉齐尼 捐款 
Image14001002-1944.jpg,传播沟通——公共关系学ppt,201,140010021944,传播沟通——公共关系学ppt
Image14001002-2110.jpg,"此外打篮球还可以锻炼人的心志,帮助人获得一种乐观的精神态度,积极",202,140010022110,精神态度 心志 篮球 
Image14001002-2131.jpg,"美国和日本原本已经有了矛盾,在陆军的一些作为后伤害到了美国的利益",203,140010022131,陆军 美国 日本 
Image14001002-2151.jpg,"供应绿加鲜冷冻腿排(量大优惠,价格可议)",204,140010022151,鲜冷冻腿 
Image14001002-2197.jpg,呵护眼睛从小做起手抄报模板及图片_保护眼睛手抄报,205,140010022197,手抄报模板 呵护眼睛 眼睛手抄报 
Image14001002-2224.jpg,看了一圈更懵逼了澳门人咋了发生啥了他俩不是感情很好的嘛,206,140010022224,澳门人 感情 
Image14001002-2240.jpg,"在仓库堆积如山等待打包的锅具价格便一下低了好几倍,国产中高端锅具",207,140010022240,锅具价格 高端锅具 仓库 
Image14001002-2278.jpg,新田名居3室2厅65㎡68万二手房图片,208,140010022278,二手房图片 厅65 室 
Image14001002-2306.jpg,美国参议院多数党领袖麦康奈尔和其妻赵小兰那些被诟病的利益冲突和,209,140010022306,妻赵小兰 党领袖麦康奈尔 美国参议院 
Image14001002-2384.jpg,商场同款糖力夏季新款红色小礼服高腰显瘦短袖连衣裙女砖红色xs,210,140010022384,款糖力 瘦短袖连衣裙女砖红色xs 新款红色小礼服高腰 
Image14001002-2538.jpg,圣骑士王 阿托利斯,211,140010022538,圣骑士王 阿托利斯
Image14001002-2729.jpg,中国航天科技集团公司第八研究院的航天产品,212,140010022729,中国航天科技集团公司 航天产品 研究院 
Image14001002-2786.jpg,不掌握绣球花的调蓝两个时间段也是枉然,213,140010022786,绣球花 时间段 
Image14001002-2961.jpg,<人名> 太湖小景,214,140010022961,<人名> 太湖小景
Image14001002-2987.jpg,"沈阳公布一项重要发展规划!未来去政府窗口办事,接待",215,140010022987,未来去政府 沈阳 重要发展规划 
Image14001002-3039.jpg,"国产新旗舰,极氪 zeekr 001对垒比亚迪汉,谁更胜一筹",216,140010023039,对垒比亚迪汉 国产新旗舰 氪 
Image14001002-3045.jpg,2021年成考报名流程及准考证打印,217,140010023045,成考报名流程 准考证 
Image14001002-3061.jpg,"虽然娜姐没有直说是哪个宝宝不爱吃饭,但是张杰在夫妻档综艺中有提到",218,140010023061,夫妻档综艺 张杰 宝宝 
Image14001002-3066.jpg,"雪姨2个女儿,梦萍只学到了她的尖酸刻薄,如萍却学到了",219,140010023066,尖酸刻薄 梦萍 如萍 
Image14001002-3127.jpg,"姚南仲为节度使,被监军薛盈珍依仗势力,篡夺了军政大权.",220,140010023127,监军薛盈珍 军政大权 姚南仲为节度 
Image14001002-3148.jpg,"秋越浓,婺源的颜色就越红,山顶上,山沟里,满山红叶竞相争艳.",221,140010023148,山红叶 婺源 山沟 
Image14001002-3164.jpg,dc部分设计了一个点烟器插座和两个dc5.5*2.,222,140010023164,点烟器插座 个dc5.5 
Image14001002-3214.jpg,"伴随着全体学员响亮有力的口号,整齐划一的步伐,新警们以斗志昂扬的",223,140010023214,新警们 伴随着全体学员 斗志 
Image14001002-3384.jpg,龙光玖龙台45000元/㎡,224,140010023384,龙光玖龙台45000元/㎡
Image14001002-3400.jpg,"画好同心圆,托起稳稳的幸福决战决胜高水平全面建成小康社会,就是要",225,140010023400,小康社会 好同心 高水平 
Image14001002-3437.jpg,欧盟ce认证-lvd_深圳市力质特科技有限公司,226,140010023437,质特科技有限公司 
Image14001002-3457.jpg,"""跑量""和""强度"",孰重孰轻?",227,140010023457,强度 量 
Image14001002-3525.jpg,我与良品铺子ceo<人名>,228,140010023525,我与良品铺子ceo<人名>
Image14001002-3528.jpg,"杨洋军装照,男明星的军装照,<人名>霸气,<人名>俊美",229,140010023528,男明星 杨洋军装照 霸气 
Image14001002-3562.jpg,"试验了黄衫女子;
",230,140010023562,"试验了黄衫女子;
"
Image14001002-3668.jpg,圣经历史概揽ppt_word文档在线阅读与下载_无忧文档,231,140010023668,忧文档 圣经历史概揽ppt_word文档在线 
Image14001002-3970.jpg,6万元私了.,232,140010023970,6万元私了.
Image14001002-4020.jpg,"一旦进灰,后期移除灰点再清洁感光元件就可以了.",233,140010024020,感光元件 进灰 灰点 
Image14001002-4022.jpg,"专家考察认为:不是人工制作的,也不是动物化石",234,140010024022,动物化石 专家 
Image14001002-4024.jpg,"德技新品窄边门窗:极简精致,引动潮流",235,140010024024,德技新品 简精致 门窗 
Image14001002-4060.jpg,"原来,狐妻在林中杀了不少恶狼,但心中还是忐忑不安,突然不放心将曲",236,140010024060,恶狼 将曲 狐妻 
Image14001002-4188.jpg,南宁有城市中轴线吗,237,140010024188,南宁有城市中轴线吗
Image14001002-4203.jpg,线描画精彩课堂(动物篇),238,140010024203,线描画精彩课堂(动物篇)
Image14001002-4252.jpg,"草原之门是文旅发展,精准扶贫,产业科创的现代农业综合性创新产业园",239,140010024252,精准扶贫 产业科创 草原之门 
Image14001002-4384.jpg,"东南大学""瑞<人名>""新生专项助学金发放完成,310名本科新生受助",240,140010024384,新生专项助学金 本科新生受助 瑞 
Image14001002-4493.jpg,"服用甲钴胺多久能停药其实并没有一个明确的期限,还是要根据自身情况",241,140010024493,药 甲钴胺 期限 
Image14001002-4581.jpg,doge狗狗币和他的2个小弟shib柴犬币akita秋田犬币,242,140010024581,doge狗狗币 秋田犬币 小弟shib 
Image14001002-4597.jpg,"首先要和装修工人沟通,测量设计橱柜的位置,尺寸.",243,140010024597,设计橱柜 装修工人 尺寸 
Image14001002-4678.jpg,"又一新项目将落户平潭!这次跟""智慧城市""有关.",244,140010024678,智慧城市 新项目 平潭 
Image14001002-4709.jpg,地缚少年花子君:司普宁的恋情,245,140010024709,地缚少年花子君:司普宁的恋情
Image14001002-4721.jpg,有些女性总感觉怀孕后易害热也和这有一定的关系.,246,140010024721,女性总感觉 热 关系 
Image14001002-4934.jpg,兴达花园不少违建棚厦破旧开裂,247,140010024934,兴达花园不少违建棚厦破旧开裂
Image14001002-4944.jpg,"除了上节目开怼,叶璇也在某站注册了一个账号.",248,140010024944,叶璇 怼 账号 
Image14001002-4955.jpg,"诊断:胃窦溃疡,萎缩性胃炎.",249,140010024955,"诊断:胃窦溃疡,萎缩性胃炎."
Image14001002-5001.jpg,"内强基本功,外拓新途径.",250,140010025001,"内强基本功,外拓新途径."
Image14001002-5012.jpg,"宝沃挑战""行业潜规则"" 杨嵩胜算几何?",251,140010025012,宝沃挑战 行业潜规则 杨嵩胜算几何 
Image14001002-5089.jpg,一种用于稳固基塘的消落带的制作方法,252,140010025089,制作方法 基塘 消落带 
Image14001002-5095.jpg,"阿富汗部队溃不成军,越境逃入巴基斯坦避难,喀布尔不",253,140010025095,阿富汗部队 逃入巴基斯坦避难 成军 
Image14001002-5259.jpg,"早上吃还是晚上吃,饭前还是饭后? 可以用牛奶或者茶水送服吗?",254,140010025259,牛奶 茶水 
Image14001002-5300.jpg,周强简要介绍了中国知识产权司法保护有关情况.,255,140010025300,中国知识产权司法保护有关情况 周强 
Image14001002-5380.jpg,东野圭吾最刺痛人心的代表作——《虚无的十字架》,256,140010025380,虚无的十字架 刺痛人心 十字架 代表作 
Image14001002-5482.jpg,人居环境整治!苏家坨镇西埠头村拆除私搭乱建1700余平米,257,140010025482,苏家坨镇西埠头村 人居环境整治 
Image14001002-5495.jpg,当代歌坛0133月末版 古巨基 那英封面 f4 <人名> <人名>,258,140010025495,古巨基 那英封面 f4 
Image14001002-5604.jpg,南宁地铁3号线站点名 南宁地铁三号线途经站点,259,140010025604,南宁地铁 线站点名 站点 
Image14001002-5634.jpg,表1:有关政策落实事项及任务分工,260,140010025634,任务分工 有关政策落实事项 表 
Image14001002-5747.jpg,"丰田凯美瑞对比日产天籁,20万级日系合资中型车怎么选",261,140010025747,丰田凯美瑞对比日产天籁 级日系合资中型车 
Image14001002-5808.jpg,"很多的坟前,竟然种着青竹.",262,140010025808,"很多的坟前,竟然种着青竹."
Image14001002-5817.jpg,"
朝日啤酒所倡导的理念——""激发好奇心去探索"".",263,140010025817,"朝日啤酒 
 好奇心 "
Image14001002-5852.jpg,helius/赫丽尔斯玫瑰安瓶原液 精华液 深层补水锁水,264,140010025852,精华液 赫丽尔斯玫瑰安瓶原液 helius 
Image14001002-5894.jpg,(为什么总提这颗卫星?,265,140010025894,(为什么总提这颗卫星?
Image14001002-5974.jpg,"张师傅的这道石林黄焖驴肉,特意选择的是位于驴腹部的驴腩肉.",266,140010025974,驴腩肉 驴腹部 张师傅 
Image14001002-5979.jpg,"还有作为家用到底值不值得购买等等,下面红涛就来说说宝来传奇的各",267,140010025979,宝来传奇 家用到底 红涛 
Image14001002-6129.jpg,"经受不住打击的她卧床不起,她还表示,自己和丈夫曾多次想去看望姚策",268,140010026129,姚策 丈夫 
Image14001002-6156.jpg,"放弃后容易暴饮暴食,往往适得其反,体重不减反增.",269,140010026156,适得其反 增. 体重 
Image14001002-6258.jpg,红灯纪,270,140010026258,红灯纪
Image14001002-6363.jpg,"这场品牌年轻节的盛会,尽显品牌大咖论年轻,青年互动聚活力的风采",271,140010026363,品牌年轻节 品牌大咖论 盛会 
Image14001002-6364.jpg,"一起出去约会时,李柄熹还会喂<人名>吃东西,非常贴心.",272,140010026364,李柄熹 东西 
Image14001002-6372.jpg,纯手工拼花木地板厂家直销特价 艺术拼花实木多层复合地板,273,140010026372,复合地板 艺术拼花实木多 花木地板厂家 
Image14001002-6389.jpg,这些日子五莲气温如过山车般,274,140010026389,这些日子五莲气温如过山车般
Image14001002-6438.jpg,"最牛股票已11涨停,半年报预告扭亏",275,140010026438,牛股票 年报 
Image14001002-6500.jpg,"一定不容错过的黑米面包,好吃到想哭._腾讯网",276,140010026500,黑米面包 腾讯网 
Image14001002-6502.jpg,"一二线城市二手房挂牌量激增,市场在抛售?",277,140010026502,二线城市二手房挂牌量 市场 
Image14001002-6598.jpg,他们差点结束了印小天的演员生涯.,278,140010026598,演员生涯 
Image14001002-6612.jpg,如何评价毛不易在《我是唱作人》第四期中的《呓语》?,279,140010026612,我是唱作人 呓语 唱作人 毛 
Image14001002-6647.jpg,"清肺利咽,除瘟止嗽.",280,140010026647,"清肺利咽,除瘟止嗽."
Image14001002-6682.jpg,卿之说幽默话做幽默人口服才能心服这样说话让人舒服口才训练书籍,281,140010026682,幽默话 人舒服口才训练书籍 幽默人口服 
Image14001002-6690.jpg,"但又看着怀里活泼可爱的儿子,我只能默默流眼泪……我特别想离开但又",282,140010026690,儿子 眼泪 
Image14001002-6731.jpg,"(图为已在百数落地的某某平台二手车贷款业务审批流程图)综上,百数",283,140010026731,
Image14001002-6744.jpg,"它的屏幕采用新一代全贴合工艺的聚合物液晶屏,一方面全贴合工艺可以",284,140010026744,聚合物液晶屏 全贴合工艺 屏幕 
Image14001002-6762.jpg,学生作品 8层住宅楼建筑给排水设计,285,140010026762,住宅楼建筑 排水设计 学生作品 
Image14001002-6962.jpg,京中铭记-奥林匹克公园&森林公园,286,140010026962,奥林匹克公园 森林公园 京 
Image14001002-6988.jpg,"安兔兔实际跑分达到了71万之多,这跟骁龙888其实非常接近了.",287,140010026988,骁龙 
Image14001002-7070.jpg,"爆肚它像锅贴一样需要油煎,外皮金黄酥脆,里面有不同的馅料,传统的",288,140010027070,馅料 外皮 锅贴 
Image14001002-7133.jpg,"我国在太原卫星发射中心用""长征四号丙""运载火箭成功发射""遥感卫星",289,140010027133,太原卫星发射中心 遥感卫星 长征四号丙 
Image14001002-7162.jpg,"一场大雨造成部分道路积水严重,给过往车辆和行人带来安全隐患",290,140010027162,过往车辆 道路积水 安全隐患 
Image14001002-7214.jpg,"因为吸烟会导致进入体内的有害物质增多,导致血管收缩,痉挛,并增加",291,140010027214,有害物质 血管 
Image14001002-7237.jpg,青春大学生们躺在草地上休息,292,140010027237,青春大学生们躺在草地上休息
Image14001002-7342.jpg,围墙喷雾除尘防尘喷头花洒雾化水器,293,140010027342,围墙喷雾 防尘喷头花洒 水器 
Image14001002-7359.jpg,"《大明风华》中朱棣下线,你有什么想说的?",294,140010027359,大明风华 下线 
Image14001002-7371.jpg,非洲大象行为粗暴闯入黑斑羚群欲独霸水塘,295,140010027371,黑斑羚群 非洲大象行为 水塘 
Image14001002-7398.jpg,道路限高架 智能液压升降限高杆 手机远程遥控简易限,296,140010027398,智能液压升降 手机远程遥控 高架 
Image14001002-7498.jpg,鸿业远图珠宝玉器:还是恒生电子是大哥大,297,140010027498,恒生电子 鸿业远图珠宝玉器 大哥大 
Image14001002-7622.jpg,"吕布以勇武出名,魏国在战国初期也最先强盛.",298,140010027622,吕布 魏国 出名 
Image14001002-7628.jpg,sig 556 ——〖枪炮世界〗,299,140010027628,sig 
Image14001002-7812.jpg,笔墨神韵显风骨慈悲宏愿为众生,300,140010027812,笔墨神韵显风骨慈悲宏愿为众生
Image14001002-7824.jpg,恭喜恭喜高要呢条村新增一国家3a级旅游景区你去过吗,301,140010027824,a级旅游景区 村 国家 
Image14001002-8001.jpg,"一篇文章,引发了港股和a股游戏公司股价的集体下跌",302,140010028001,a股游戏公司股价 港股 文章 
Image14001002-8042.jpg,"""七勇士""成员之佟连捷,<人名>,徐虹祭拜<人名>元帅",303,140010028042,佟连捷 勇士 徐虹 
Image14001002-8112.jpg,"提示:语音播报:""前方路口左转弯""后,打左转向灯,点刹.",304,140010028112,转向灯 路口 语音 
Image14001002-8139.jpg,"打遍三巨头,狠起来连自己都打!灭霸算",305,140010028139,霸 巨头 
Image14001002-8177.jpg,"陇西人的正月十五是这个样子的,人山人海,陇西人转起来",306,140010028177,人海 样子 人 
Image14001002-8278.jpg,延庆博物馆,307,140010028278,延庆博物馆
Image14001002-8285.jpg,"如果此图片与房源无关或模糊不清,请点击举报图片 尚景天地内景图",308,140010028285,尚景天地内景图 房源 图片 
Image14001002-8295.jpg,内蒙古知名敖包——高正胡热呼敖包祭祀活动暨首届青少年那达慕在,309,140010028295,内蒙古知名敖包 敖包祭祀活动 青少年 
Image14001002-8321.jpg,"宅男女神<人名>""龙袍""站台 大秀最炫民族风",310,140010028321,宅男女神 民族风 大秀 
Image14001002-8356.jpg,2021少女心炸裂的神仙颜值头像,311,140010028356,少女心 神仙颜值头像 
Image14001002-8392.jpg,女款水墨灰镂空双层领羊绒衫,312,140010028392,女款水墨灰镂空双层领羊绒衫
Image14001002-8426.jpg,"""济南蓝""刷爆朋友圈,随手一拍就是艺术大片!网红",313,140010028426,朋友圈 艺术大片 网红 
Image14001002-8427.jpg,"但在保修期上就不算十分慷慨了,仅是刚符合了国家标准而已.",314,140010028427,国家标准 保修期 
Image14001002-8559.jpg,儿童玩具车大号惯性恐龙工程车运输挖土挖掘机小汽车套装宝宝男孩真,315,140010028559,儿童玩具车大号惯性恐龙工程车运输 土挖掘机小汽车套装宝宝男孩 
Image14001002-8645.jpg,接吻会染上口腔尖锐湿疣吗?,316,140010028645,接吻会染上口腔尖锐湿疣吗?
Image14001002-8748.jpg,省民政厅涉外婚姻登记处:0551-65606091.,317,140010028748,婚姻登记处 省民政厅 
Image14001002-8771.jpg,正邮 付方剂学用速记 经方大家付教授的方剂学学用书,318,140010028771,付教授 方剂 正邮 
Image14001002-8925.jpg,【慕容游记】承德避暑山庄及外八庙(578图),319,140010028925,慕容游记 承德避暑山庄 庙 
Image14001002-8935.jpg,氧化剂,320,140010028935,氧化剂
Image14001002-8957.jpg,新一期拍拍贷3个公众号刮刮卡抽1-200元微信红包奖励,321,140010028957,公众号 微信红包奖励 拍拍贷 
Image14001002-8993.jpg,"国网河南省电力公司紧急启动i级防汛应急响应,全面进入战时机制.",322,140010028993,国网河南省电力公司 i级防汛应急响应 机制 
Image14001002-9051.jpg,听菩萨说悔火亦灸燃吾心必痛苦,323,140010029051,听菩萨说悔火亦灸燃吾心必痛苦
Image14001002-9085.jpg,"《复联3》曝光全新概念设计图,雷神风暴战斧展炫酷神威",324,140010029085,复联3 斧展炫酷神威 全新概念设计图 复联 风暴 
Image14001002-9149.jpg,"""新作《天下无拐》是《失孤》最好的结局在电影《天下无拐》导演张鑫",325,140010029149,天下无拐 失孤 天下无拐 导演张鑫 新作 电影 
Image14001002-9160.jpg,只因妻子拒绝出钱给小叔买房凤凰男以离婚相要挟结果弄巧成拙,326,140010029160,小叔 妻子 凤凰 
Image14001002-9224.jpg,"原创胎宝每天在妈妈腹中""小黑屋""里做啥,看了就让人欢喜,怪可爱的",327,140010029224,原创胎宝 小黑屋 妈妈 
Image14001002-9237.jpg,"如果去俄罗斯留学顺利完成了学业,毕业后可以留着俄罗斯工作吗?",328,140010029237,俄罗斯工作 学业 
Image14001002-9517.jpg,【图解图片_徐州润和传祺gs8图片】-汽车之家,329,140010029517,图解图片_徐州润和传祺gs8图片 传祺gs8图片 徐州 汽车 家 
Image14001002-9518.jpg,"3月第三批共53款版号:腾讯完美巨人在列,2款国产ns游戏过审",330,140010029518,国产ns游戏 腾讯完美巨人 审 
Image14001002-9572.jpg,"从全网吐槽到c位出道, <人名>""锦鲤人设""是这样来的",331,140010029572,锦鲤人 c 全网 
Image14001002-9592.jpg,"切实做到心有所畏,言有所戒,行有所止,模范遵守各项纪律规矩.",332,140010029592,纪律规矩 所止 模范 
Image14001002-9810.jpg,公交出行提示涉及通州区13条线路部分站名更名北京胸科医院,333,140010029810,北京胸科医院 线路部分站名 通州区 
Image14001002-9909.jpg,"瑜伽裤搭配黄色牛仔外套是蛮有型,宽松款的瑜伽裤很拉风,显瘦无敌",334,140010029909,瑜伽裤 黄色牛仔外套 宽松款 
Image14001003-0003.jpg,中国空军首批双学士歼击机女飞行员步入战位,335,140010030003,学士歼击机女飞行员 中国空军 战 
Image14001003-0028.jpg,全程工作人员费用及补贴,336,140010030028,全程工作人员费用及补贴
Image14001003-0387.jpg,"主卧阳台隔开放书桌与吊柜加梳妆镜,即可作为办公桌也可作为梳妆台",337,140010030387,主卧阳台 吊柜 梳妆台 
Image14001003-0485.jpg,"8月份遇贵人赏识,终于熬出头,不再委曲求全的星座",338,140010030485,星座 贵人 出头 
Image14001003-0516.jpg,"1,让狗来找你.",339,140010030516,"1,让狗来找你."
Image14001003-0659.jpg,风光摄影-39 云开雾散>,340,140010030659,风光摄影-39 云开雾散>
Image14001003-0714.jpg,"87 著名导演,编剧,演员李珈西《表演",341,140010030714,演员李珈西 著名导演 编剧 
Image14001003-0773.jpg,案例赏析 轻工业风格,342,140010030773,案例赏析 轻工业风格
Image14001003-0830.jpg,现代灰色拼接瓷砖贴图图片_3d模型_贴图id:46917,343,140010030830,图图片_3d模型 瓷砖 图id 
Image14001003-0837.jpg,七年前轰动一时的爷孙恋现状如何少女脸上写满了憔悴,344,140010030837,少女脸 爷 现状 
Image14001003-0985.jpg,《粉尘爆炸隔爆系统应用指南》规范了粉尘爆炸隔爆系统的应用设计和,345,140010030985,粉尘爆炸隔爆系统应用指南 粉尘爆炸 爆系统应用指南 应用设计 爆系统 
Image14001003-0988.jpg,值友故事会篇五宜家卧底两天我回家做了个电视柜,346,140010030988,电视柜 值友故事 卧底 
Image14001003-1017.jpg,"行,我一会给你送过去.",347,140010031017,"行,我一会给你送过去."
Image14001003-1056.jpg,"静态数据游戏玩家优选,每升一级都有1块上下收益,邀请人收益高些.",348,140010031056,静态数据游戏玩家 上下收益 人收益 
Image14001003-1063.jpg,是直接针对消防用水水源来说的么,349,140010031063,消防用水水源 
Image14001003-1086.jpg,"众所周知,奥运会的官方赞助商向奥组委支付了巨额赞助费,以期在这个",350,140010031086,巨额赞助费 官方赞助商 奥组委 
Image14001003-1098.jpg,黑龙滩长岛天堂洲际酒店客房图片,351,140010031098,黑龙滩长岛天堂洲际酒店客房图片 
Image14001003-1175.jpg,【中山保利天汇二期左岸花园】_楼盘详情-官方售楼,352,140010031175,中山保利天汇二期左岸花园 楼盘详情 中山保利天汇 花园 楼 官方 
Image14001003-1204.jpg,"克服各种阻挠成立业委会之后,第二次业主大会(第一次是成立大会)就",353,140010031204,业主大会 业委会 
Image14001003-1205.jpg,【图解图片_上海金悦汽车锋范图片】-汽车之家,354,140010031205,图解图片_上海金悦汽车锋范图片 上海金悦汽车锋范图片 家 汽车 
Image14001003-1322.jpg,"早在公元254年的时候,阮籍的母亲去世,许多人都去吊唁.",355,140010031322,公元 阮籍 母亲 
Image14001003-1384.jpg,哈尔滨儿童医院就医的那些事在这!,356,140010031384,哈尔滨儿童医院 事 
Image14001003-1413.jpg,深圳双溪威机场大酒店,357,140010031413,深圳双溪威机场大酒店
Image14001003-1464.jpg,"其中,绿城金沙湖项目已经公布案名——湖上春风里,入市指日可待.",358,140010031464,市指日 金沙湖项目 春风 
Image14001003-1492.jpg,旅游 正文  安昌是一个具有千年历史的著名江南水乡古镇.,359,140010031492,著名江南水乡古镇 安昌 旅游 
Image14001003-1582.jpg,你一味的付出不过是惯出来的得寸进尺,360,140010031582,付出 
Image14001003-1827.jpg,"""<人名>""<人名>会穿,粉白色衣服配黑色铅笔裤,穿出好气色!",361,140010031827,黑色铅笔裤 好气色 粉白色衣服 
Image14001003-1848.jpg,湖人队告别多名球员球队换血成功佩林卡得到詹姆斯认可,362,140010031848,成功佩林 球员球队 湖人队 
Image14001003-1850.jpg,"但前者更厚实的底盘调校,可以带来更好的乘坐舒适性,总的来说,除了",363,140010031850,底盘调校 乘坐舒适性 
Image14001003-1868.jpg,"松懈了几天,要补回公里数",364,140010031868,"松懈了几天,要补回公里数"
Image14001003-1912.jpg,为什么每个啤酒瓶盖上都是21个锯齿?原来是因为这样,365,140010031912,啤酒瓶盖 锯齿 
Image14001003-1972.jpg,济南制做11火车列车餐车步行街铁皮复古火车商场步行,366,140010031972,火车商场 火车列车餐车步行街铁皮 济南 
Image14001003-1975.jpg,"然而,奔忙可不是行为可以随意,言辞可以散漫的借口呢.",367,140010031975,言辞 借口 行为 
Image14001003-1999.jpg,市场营销股票金融投资理财 巴菲特瑞达利欧查理芒格推崇的价值投资力,368,140010031999,巴菲特瑞达利欧查理 市场营销股票金融投资 价值投资力 
Image14001003-2080.jpg,王源如何与阿拉甲主播携手改写命运,369,140010032080,阿拉甲主播 王源 命运 
Image14001003-2098.jpg,"曾打破鲁尼纪录,英超官宣",370,140010032098,"曾打破鲁尼纪录,英超官宣"
Image14001003-2124.jpg,钓椅包特大双肩背包工具包渔具包钓鱼背包鱼具垂钓包鱼护包,371,140010032124,特大双肩背包工具 垂钓包鱼 钓鱼背包鱼 
Image14001003-2284.jpg,沈阳多处建筑工地遇招不来年轻人尴尬,372,140010032284,建筑工地 沈阳 年轻人 
Image14001003-2286.jpg,"投票后即可看到截止目前的结果,可以说玩家的选择是一边倒的.",373,140010032286,玩家 投票 选择 
Image14001003-2317.jpg,lichee荔枝法餐厅法国水师兵营,374,140010032317,lichee荔枝法餐厅法国水师兵营 
Image14001003-2342.jpg,"无休眠期,耐寒,在北方被广泛种植.",375,140010032342,
Image14001003-2448.jpg,乙一华丽旅行怪谈,376,140010032448,乙一华丽旅行怪谈
Image14001003-2512.jpg,老街名人留踪系列(五):光华街上一贴膏药卖了三百多年,377,140010032512,光华街 人留踪系列 膏药 
Image14001003-2684.jpg,"移动互联时代,平安人寿顺势而为将理赔流程线上化,利用拍照上传资料",378,140010032684,平安人寿 理赔流程线上化 移动互联时代 
Image14001003-2850.jpg,三维工匠宝宝满月万元绸缎布艺红包袋个性创意周岁利,379,140010032850,绸缎布艺红包袋个性创意 工匠宝宝满月 利 
Image14001003-2973.jpg,岭南书画名家<人名>绘画品鉴会在深圳成功举办,380,140010032973,岭南书画名家 绘画 深圳 
Image14001003-2979.jpg,星途凌云400t搭载m3x火星架构pro下的最新2.,381,140010032979,星途凌云 m3x火星架构pro下 t 
Image14001003-3084.jpg,"推广植保无人机播种技术,提升水稻生产机械化水平",382,140010033084,植保无人机播种技术 水稻生产机械化水平 
Image14001003-3101.jpg,"区安监局查证属实后,便对该地违规存放危险化学品的责任人作出行政",383,140010033101,危险化学品 区安监局 责任人 
Image14001003-3163.jpg,"怀孕30周,最近两天白带特别多,像黄鼻涕,有图片",384,140010033163,鼻涕 白带 图片 
Image14001003-3234.jpg,辽宁方大集团实业有限公司,385,140010033234,辽宁方大集团实业有限公司
Image14001003-3377.jpg,"加速由区域防卫型向全域作战型转变,向着建设一支强大的现代化新型",386,140010033377,全域作战型 区域防卫型 现代化 
Image14001003-3530.jpg,玉雕刻拍摄10|静物|摄影|羽光摄影 - 原创设计作品,387,140010033530,羽光摄影 玉雕刻 原创设计作品 
Image14001003-3804.jpg,"2016全能型投资产品即将引爆南昌,作为南昌人必须要知道!",388,140010033804,南昌人 全能型投资产品 
Image14001003-3848.jpg,威斯康星大学的天文学家们采用超过200万张斯皮策空间望远镜的图像,389,140010033848,威斯康星大学 天文学家们 张斯皮策空间望远镜 
Image14001003-3873.jpg,直击新乡特大暴雨#(顶端新闻记者 万马)大河报的微博视频,390,140010033873,特大暴雨 微博视频 大河报 
Image14001003-3914.jpg,"对于违规接收""五升六""学生或造成不良影响或严重后果的学校,视情节",391,140010033914,严重后果 不良影响 学生 
Image14001003-3933.jpg,中国古典讲唱文学丛书 再生缘 (上中下) 一版一印,392,140010033933,文学丛书 再生缘 版 
Image14001003-4023.jpg,"我国初期的最先进护卫舰,拖入上海某船厂将有望迎来一次大换血!",393,140010034023,先进护卫舰 船厂 上海 
Image14001003-4061.jpg,恋与制作人图片赏析 高清无水印壁纸全收录,394,140010034061,水印壁纸 制作人图片赏析 
Image14001003-4137.jpg,"若按照睡眠阶段来划分,夜班模式具体应该是这样的.",395,140010034137,夜班模式 睡眠阶段 
Image14001003-4210.jpg,财神爷爷资金被盗 数万元深夜被提走,396,140010034210,财神爷爷资金 
Image14001003-4338.jpg,据说是汉源神女在离开汉江源头时专门祈求龙王留下这条龙来为汉江源头,397,140010034338,汉江源头 神女 龙王 
Image14001003-4420.jpg,"等,坐享公园纯氧,让您健康无忧.",398,140010034420,公园纯氧 忧 
Image14001003-4441.jpg,"如果您曾经留意平行进口车市场,那么您一定对一款跨界车有一定印象—",399,140010034441,界车 一定印象 平行进口车市场 
Image14001003-4448.jpg,i日款老公生同卡片祝n快手福男友 女妈g妈给的o送礼物,400,140010034448,i日 卡片祝n快手福男友 女妈g妈 
Image14001003-4513.jpg,"没有大毛病,秘诀就是整年喝着自家的蜂蜜,吃着各种蜂产品,接待客人",401,140010034513,蜂产品 大毛病 蜂蜜 
Image14001003-4554.jpg,基层动态|从江农商银行举行首笔扶贫产业子基金投放仪式,402,140010034554,基层动态 扶贫产业子基金投放仪式 从江农商银行 
Image14001003-4632.jpg,"低级别,价格低廉,适用于要求不高的环境及条件中. 3.",403,140010034632,低级别 适用于要求 环境 
Image14001003-4704.jpg,"四是陶坛透气性好但不渗漏,酒体与外界微生物群息息相通,自然吐纳",404,140010034704,陶坛透气性 外界微生物群息息相通 酒体 
Image14001003-4903.jpg,"这癌症,许多名人都没躲过!有一项检查男性体检最好都做做.",405,140010034903,检查男性体检 癌症 人 
Image14001003-5129.jpg,孟鹤堂鄂靖文是不是在一起?,406,140010035129,孟鹤堂鄂靖文是不是在一起?
Image14001003-5215.jpg,爆冷夺金惊天大逆转火箭状元榜眼全都要,407,140010035215,夺金惊天大逆转火箭状元榜眼 
Image14001003-5263.jpg,top4:<人名>&top8:灵公主,408,140010035263,灵公主 &top8 top4 
Image14001003-5269.jpg,"这导致,这个承诺很有可能会被他排在最好.",409,140010035269,
Image14001003-5296.jpg,推荐口齿留香的12道下饭菜荤素搭配营养美味让你回味无穷,410,140010035296,饭菜荤素 营养美味 口齿 
Image14001003-5354.jpg,"又到狗中表情之王柴犬出场了,这一个表情可真的不容易呢!",411,140010035354,王柴犬 表情 狗 
Image14001003-5356.jpg,"命带多婚,今年感情多变的生肖|丁火|忌神|婚姻宫|地支",412,140010035356,婚姻宫 生肖 多婚 
Image14001003-5396.jpg,"而这,正是<人名>的人生重要转折点.",413,140010035396,人生重要转折点 
Image14001003-5425.jpg,6元/平.这是继11月惠阳连续流拍3宗商住地后成交的第一宗地.,414,140010035425,商住地 惠阳连续流拍 
Image14001003-5455.jpg,"求动漫污污女壁纸~手机高清竖屏壁纸,越多越好",415,140010035455,手机高清竖屏壁纸 动漫污污女壁纸 
Image14001003-5589.jpg,"村里的墙绘,你怎么这么好看!",416,140010035589,"村里的墙绘,你怎么这么好看!"
Image14001003-5598.jpg,"中国书协会员,中国书法研究院副院长,教授)",417,140010035598,中国书法研究院副院长 中国书协会员 教授 
Image14001003-5698.jpg,馨诺肥料化肥10g颗粒控释缓释肥花卉盆栽果蔬多肉富土培通用,418,140010035698,馨诺肥料化肥 g颗粒控释 肥花卉盆栽果蔬多肉富土 
Image14001003-5808.jpg,一流重点高中和普通高中最大的区别是什么呢,419,140010035808,普通高中 一流重点高中 区别 
Image14001003-6005.jpg,"英国男子从万米高空跳下,时速400km与布加迪威龙超跑相当",420,140010036005,英国男子 布加迪威龙超跑相当 km 
Image14001003-6006.jpg,"枫香印染手工技艺历经百余年从未中断,皆源于流行地区民风民俗的需要",421,140010036006,枫香印染手工技艺 地区民风民俗 
Image14001003-6125.jpg,"目前青岛至云南还没有直达列车,济南至昆明高铁年底开通后,青岛市民",422,140010036125,青岛市民 昆明高铁 列车 
Image14001003-6190.jpg,"<人名>那么高的手术成功率,<人名>自创的肝脏解剖理论,<人名>自创的",423,140010036190,手术成功率 肝脏解剖理论 自创 
Image14001003-6247.jpg,阿国海鲜自助餐厅,424,140010036247,阿国海鲜自助餐厅
Image14001003-6387.jpg,惊险剧毒眼镜王蛇晚上溜进居民小区ta们已多次造访,425,140010036387,居民小区ta们 惊险剧毒眼镜王蛇 
Image14001003-6388.jpg,南京师范大学文艺学2022考研经验及备考指导,426,140010036388,备考指导 南京师范大学文艺学 经验 
Image14001003-6470.jpg,让车生活更快乐解锁第七代伊兰特那些神奇技能,427,140010036470,神奇技能 车生活 伊兰特 
Image14001003-6504.jpg,"前期判断很重要,这3点教你快速判断",428,140010036504,
Image14001003-6531.jpg,"""当时他正在拍摄《风起霓裳》,已经到了尾声阶段,每天收工时间都在",429,140010036531,风起霓裳 尾声阶段 霓裳 风 时间 
Image14001003-6599.jpg,中评分析:赖清德上台拼经济太沉重?,430,140010036599,中评分析 经济太 赖清德 
Image14001003-6707.jpg,"一个把爱情,婚姻,孩子分别给了三个男人的女人,最终活",431,140010036707,婚姻 爱情 男人 
Image14001003-6799.jpg,"再加上鲨鱼鳍双风扇2.0版本散热系统,拥有更高转速和更大风量.",432,140010036799,鲨鱼鳍 高转速 大风量 
Image14001003-6804.jpg,"电子挡杆的设计很有新意,摸起来的质感也不错,袖珍的造型出现在偌大",433,140010036804,造型出现在 电子挡杆 质感 
Image14001003-6901.jpg,退潮后方知谁在裸泳 共享汽车或迎来洗牌,434,140010036901,裸泳 牌 汽车 
Image14001003-6946.jpg,男子见义勇为受伤成植物人 赔偿难执行或将断药,435,140010036946,植物人 药 男子 
Image14001003-7062.jpg,"4亿)来计算,只有0.08爽违规经营贷流入楼市.比如,深圳.",436,140010037062,爽违规 贷 楼市 
Image14001003-7091.jpg,中国供应商出厂价格8.8级高强度碳钢内六角螺栓内六角螺钉,437,140010037091,中国供应商 级高强度碳钢 螺钉 
Image14001003-7168.jpg,"【疫情防控建议】程实 <人名> | 经济战""疫"":市场渐进",438,140010037168,疫情防控建议 经济战 疫 市场 
Image14001003-7243.jpg,"""二暖""即康乃馨住院探视和赔后慢病管理.",439,140010037243,慢病管理 
Image14001003-7271.jpg,"《惊奇队长》卡罗尔大战雷神托尔,谁才是复仇者最强英雄?",440,140010037271,惊奇队长 卡罗尔大战 强英雄 托尔 
Image14001003-7421.jpg,越南总理范明政会见熊波大使_发展,441,140010037421,熊波大使 越南总理范明政 发展 
Image14001003-7470.jpg,怕孤厌闹 长街旧人. 别等时光非礼了梦想.,442,140010037470,长街旧人 孤厌 时光 
Image14001003-7534.jpg,现货 火影番赏4款 土影长门药师兜手鞠pvc手办公仔摆件模型,443,140010037534,土影长门药师兜手 公仔摆件模型 现货 
Image14001003-7636.jpg,"尽管在和男主打赌之后会因为拖延症不想工作,但是看到男主随随便便就",444,140010037636,症不想工作 男主 
Image14001003-7730.jpg,感谢鼓励与支持!,445,140010037730,感谢鼓励与支持!
Image14001003-7776.jpg,六方合斗壶,446,140010037776,六方合斗壶
Image14001003-7906.jpg,"显然没有时间交女友,所以关于他与王佩雯交往多年的传闻的确不属实",447,140010037906,王佩雯交往 女友 传闻 
Image14001003-7976.jpg,"绍兴老街,弄堂窄窄的,白墙黑瓦,环城河静静的流淌,乌篷船慢慢摇摆",448,140010037976,弄堂窄窄 绍兴老街 白墙黑瓦 
Image14001003-8025.jpg,陕西悍匪贼王<人名>被执行死刑前提出以绝技换命结局怎样,449,140010038025,命结局 陕西悍匪贼王 绝技 
Image14001003-8142.jpg,"产品具有一定个性的小杨生煎,凤起小笼等则可以归为包点品类的时尚",450,140010038142,小杨生煎 包点品类 一定个性 
Image14001003-8278.jpg,"在刺骨河水中泡了21分钟,这名辅警与队友终于将落水者救上岸",451,140010038278,刺骨河水 队友 辅警 
Image14001003-8393.jpg,德转预测皇马首发姆巴佩阿拉巴在列首发球员总身价达58亿欧,452,140010038393,球员总身价 姆巴佩 皇马 
Image14001003-8428.jpg,股神谋求转型:巴菲特欲以300亿美元洽购精密机件,453,140010038428,精密机件 股神 巴菲特 
Image14001003-8431.jpg,"安琪的日志93.儿时的年味|新衣,美食&鞭炮",454,140010038431,安琪 新衣 日志 
Image14001003-8475.jpg,"中华文明教化蛮夷,使他们",455,140010038475,"中华文明教化蛮夷,使他们"
Image14001003-8528.jpg,"实现台模合振,以加大振动速度的效果.",456,140010038528,振动速度 台模合振 效果 
Image14001003-8580.jpg,"17所军校2018年在广东招生专业和名额公布,过5关方能",457,140010038580,广东招生专业 军校 5关 
Image14001003-8705.jpg,某中餐厅带厨房装修cad平面施工图纸,458,140010038705,厨房装修cad平面施工图纸 餐厅 
Image14001003-8814.jpg,北京市生态葬最多可获4000元补贴,459,140010038814,北京市生态 补贴 
Image14001003-8819.jpg,"阳在舞台上一扭,瞬间就把人勾到复古氛围中跟着一起嗨了看着在现场被",460,140010038819,复古氛围 阳 舞台 
Image14001003-8880.jpg,"""归乡""还将提供一条全新的故事主线,新角色亦会同步登场.",461,140010038880,故事主线 新角色 乡 
Image14001003-9004.jpg,水泥检查井规格-广州市黄埔区水泥检查井-荣智建材,462,140010039004,荣智建材 井规格 广州市黄埔区水泥 
Image14001003-9088.jpg,汽车离合器总成装配线试验台 - 科博达 - 九正建材网,463,140010039088,建材网 汽车离合器总成装配线试验台 科博达 
Image14001003-9108.jpg,"戴手表不仅彰显地位身份,更是成熟自信象征!",464,140010039108,地位身份 手表 象征 
Image14001003-9141.jpg,器火星探测器载人飞船火箭科技创新发明自主研发设备成果展示国家力,465,140010039141,设备成果 国家力 器火星探测器载人飞船火箭科技创新发明 
Image14001003-9142.jpg,"雄鹿夺冠,金靴奖该给谁?字母哥名场面多,但洛佩兹才是",466,140010039142,字母哥 夺冠 奖 
Image14001003-9319.jpg,黄山特色民宿酒店该如何装修设计,467,140010039319,黄山特色民宿酒店 设计 
Image14001003-9521.jpg,虽然<人名>和丁伟之间究竟孰强孰弱很多人一时之间谁也说服不了谁,468,140010039521,多人 丁伟 
Image14001003-9574.jpg,引经药小议,469,140010039574,引经药小议
Image14001003-9589.jpg,"二木带你逛展|日本东京国际园艺展的作品,好看到流泪!",470,140010039589,日本东京国际园艺展 展 木 
Image14001003-9721.jpg,"李嫣花百万上贵族学校交白卷,晒图自嘲与数学无缘,却",471,140010039721,贵族学校 李嫣 白卷 
Image14001003-9797.jpg,主题:世界级的服装批发市场 常熟招商城旺铺出售 快来抢啊,472,140010039797,常熟招 服装批发市场 旺铺 
Image14001003-9886.jpg,"8,樟脑球驱蚂蚁宠派养花大全将准备好的樟脑球磨成粉末撒在蚂蚁经常",473,140010039886,樟脑球 蚂蚁宠派 花大全 
Image14001003-9932.jpg,理查德·普林斯携新展重回高古轩,474,140010039932,新展 高古轩 理查德·普林斯 
Image14001003-9962.jpg,现货【外图台版】日据时期的香港简史 / 小椋广胜 香港商务印书馆,475,140010039962,外图台版 小椋广胜 日据时期 香港简史 
Image14001004-0021.jpg,"荆门一轿车突然失控侧翻撞树上,司机被困车内出",476,140010040021,荆门 司机 轿车 
Image14001004-0106.jpg,"经国内权威检测中心和大型下游用户企业鉴定,各项性能指标均可与日本",477,140010040106,性能指标 权威检测中心 用户企业鉴定 
Image14001004-0205.jpg,"铁铉死后,他的家人也没能躲过一劫.",478,140010040205,劫 家人 
Image14001004-0244.jpg,"三门版北京212实车曝光,搭载1.5t国六发动机",479,140010040244,三门版北京 实车 发动机 
Image14001004-0285.jpg,"吐槽下罗布奥特曼剧场版:期待很大,但也有些许雷人",480,140010040285,罗布奥特曼剧场版 雷人 
Image14001004-0341.jpg,迪迦奥特曼飞船娘化:胜利飞燕号jk造型抢镜,481,140010040341,奥特曼飞船娘化 jk造型 
Image14001004-0361.jpg,但这次高空历险还是给他留下了航空性中耳炎和噪音性听力受损的后遗症,482,140010040361,航空性中耳炎 噪音性听力 后遗症 
Image14001004-0377.jpg,"""而后又对阎鹤祥说:""职业你曾经拥有过!",483,140010040377,阎鹤祥 职业 
Image14001004-0526.jpg,"老子打仗时多少难打的据点都拿下了,还怕你这个梳着两条长辫子的资产",484,140010040526,长辫子 据点 老子 
Image14001004-0534.jpg,"大清摄政王多尔衮早早就死了,这给我们现代人,带来什么启发呢?",485,140010040534,政王多尔衮 现代人 启发 
Image14001004-0628.jpg,"大家对于低保家庭情况调查和""懒汉""不能吃低保又是怎样看待的呢?",486,140010040628,低保家庭情况调查 懒汉 
Image14001004-0650.jpg,跨界融合 品高艺精 ——访著名艺术家刘光,487,140010040650,著名艺术家刘光 高艺 界 
Image14001004-0742.jpg,英国| 快乐小猴果蔬汁饮料180ml(3款),488,140010040742,快乐小猴果蔬汁饮料 英国 
Image14001004-0812.jpg,"泳坛王者! 孙杨8年狂拿6个世界第一, 自曝曾拖着伤腿奥运摘银",489,140010040812,泳坛王者 腿奥运 孙杨8年 
Image14001004-1041.jpg,"二维代码:读取静止,中椿蛴∷⒃诒昵┥系移动中的二维码.",490,140010041041,⒃诒昵 中椿蛴 二维码 
Image14001004-1190.jpg,这次是思维导图双证班!,491,140010041190,这次是思维导图双证班!
Image14001004-1192.jpg,兰州南特数码科技股份有限公司还与管理学院共同建立了学生实习基地,492,140010041192,管理学院 兰州南特数码科技股份有限公司 学生实习基地 
Image14001004-1257.jpg,"春节开工请注意,又一女子手被面条机""吞食""",493,140010041257,面条机 女子手 开工 
Image14001004-1290.jpg,"白胡椒和咖啡粒的味道.此酒强烈,多汁,柔滑,带有细微的橡木味.",494,140010041290,橡木味 多汁 白胡椒 
Image14001004-1293.jpg,稻盛和夫你的好心总被当成驴肝肺2个步骤好心才管用,495,140010041293,驴肝肺 步骤好心 稻盛和夫 
Image14001004-1390.jpg,"新车标配了前后卤素大灯和大灯高度可调功能,中高配车型还增加了大灯",496,140010041390,卤素大灯 高配车型 新车标配 
Image14001004-1457.jpg,记五六七年级小学初中生统编格列佛游记必读原版原著老人与海世界名著,497,140010041457,年级小学初中生统编格列佛游记 原版原著老人与海世界名著 
Image14001004-1484.jpg,作文大赛初赛作品父亲的目光,498,140010041484,作文大赛初赛作品父亲的目光
Image14001004-1496.jpg,远特信时空将传统通信领域的专业经验与移动转售市场的运营服务相结合,499,140010041496,运营服务 专业经验 传统通信领域 
Image14001004-1513.jpg,艺术家分享《血源2》设定图 画面明亮与原作相距甚远,500,140010041513,血源2 原作 艺术家 血源 画面 
Image14001004-1574.jpg,"热忱欢迎有理想,有梦想的初三学子来校就读!",501,140010041574,初三学子 梦想 理想 
Image14001004-1642.jpg,"女人有没有大<人名>, 旺夫旺财的还蠛妹, 手相就能看出来",502,140010041642,旺夫 女人 手 
Image14001004-1683.jpg,恐龙插肩儿童棒针圆领套头毛衣有编织图解,503,140010041683,头毛衣 肩儿童棒针 恐龙 
Image14001004-1695.jpg,音乐/广播系统,504,140010041695,音乐/广播系统
Image14001004-1763.jpg,盘点:基本面最强硬的公司!中远海控合理股价空间50%,505,140010041763,中远海控合理股价空间 盘点 基本面 
Image14001004-1883.jpg,"推广直播预告,用户可以订阅开播提醒",506,140010041883,推广直播预告 用户 
Image14001004-1894.jpg,温度表温泉j泡供防水测温石显显示器温度计仿数池厂家仪电子直,507,140010041894,温度表温泉j 数池厂家仪电子 显示器温度 
Image14001004-1980.jpg,游游仙朝越蓝莓庄园给我一颗蓝莓的时间开启夏日幸福,508,140010041980,蓝莓庄园 游仙 时间 
Image14001004-1988.jpg,小编逛店:科勒卫浴 高端品质带来五星享受,509,140010041988,科勒卫浴 高端品质 店 
Image14001004-1993.jpg,国内首台集装箱核酸检测实验室来了!这家企业复工后大,510,140010041993,集装箱核酸检测实验室 企业 
Image14001004-2044.jpg,"""足不出院""的远程提审",511,140010042044,"""足不出院""的远程提审"
Image14001004-2108.jpg,"蝴蝶兰:收翅如瓜,展翅像蝶,健康盛开,蝴蝶自来",512,140010042108,收翅如瓜 蝶 蝴蝶 
Image14001004-2148.jpg,换鞋凳储物凳欧式创意时尚服装店沙发凳脚踏水晶凳床尾凳皮凳长凳,513,140010042148,鞋凳 水晶凳床尾凳皮凳长凳 物凳欧式创意时尚服装店沙发凳 
Image14001004-2330.jpg,"心里有爱,就要鼓足勇气向喜欢的人表白,别给自己留下遗憾.",514,140010042330,勇气 人 
Image14001004-2386.jpg,父女恋急不得?<人名><人名>被催婚,515,140010042386,父女 婚 
Image14001004-2405.jpg,缪斯美妆护肤,516,140010042405,缪斯美妆护肤
Image14001004-2430.jpg,"为的就是营造一种真正有内在美,外表却低调不张扬的穿衣调性.",517,140010042430,穿衣调性 外表 美 
Image14001004-2541.jpg,"为此,凌小娟直言不讳地要求享受同等待遇,遭到凌小云的断然拒绝.",518,140010042541,同等待遇 小云 小娟 
Image14001004-2582.jpg,在体育场外面等待的时光.【&lt;(~)~)&gt;】,519,140010042582,&lt;(~)~)&gt; 体育场 lt gt 时光 
Image14001004-2680.jpg,康宝莱参加直企创新经营监管风险性研究活动_发展,520,140010042680,创新经营监管风险性研究活动 康宝莱 发展 
Image14001004-2685.jpg,"既失去了灵气又没了<人名>本该有的朝气与活力,再摊上这营养",521,140010042685,朝气 灵气 营养 
Image14001004-2736.jpg,"但不论如何,人类在宇宙面前都非常渺小.",522,140010042736,宇宙 人类 
Image14001004-2794.jpg,"建议:年初因为春节假期影响,购买人数减少可适当降低库存.",523,140010042794,库存. 人数 建议 
Image14001004-2824.jpg,枝头上的滴水山花,524,140010042824,枝头上的滴水山花
Image14001004-3064.jpg,"二,师范类专业这个专业说,流行的是向人们销售产品,未来的工作方向",525,140010043064,工作方向 师范类专业 产品 
Image14001004-3101.jpg,中渝山顶道法式大独栋 富人聚居之地 商圈内闹中取静,526,140010043101,渝山顶 商圈 富人 
Image14001004-3123.jpg,五菱宏光mini ev首批用户交车 7月24日上市,527,140010043123,用户交车 ev 上市 
Image14001004-3262.jpg,发汗服跑步e服出汗降体服不透气 男h女服暴汗服控体服,528,140010043262,体服 男h女服暴汗服 汗服跑步e 
Image14001004-3343.jpg,聚焦项目看发展,529,140010043343,聚焦项目看发展
Image14001004-3388.jpg,"学会垃圾分类等形式树立健康的生活新观念,改变不良生活习惯!",530,140010043388,学会垃圾分类 生活新观念 不良生活习惯 
Image14001004-3417.jpg,碑贴拓片<人名>书法茅屋是吾居 真实碑拓装饰办公司客厅-收藏品,531,140010043417,真实碑 书法茅屋 装饰办公司客厅 
Image14001004-3489.jpg,本菲卡有望以租期两年800万转会费从国际米兰得到拉扎罗,532,140010043489,国际米兰 转会费 本菲卡 
Image14001004-3512.jpg,"林更新玩脱了!怼网友,比中指,说脏话,新剧评分暴跌至6.",533,140010043512,怼网友 新剧评分 脏话 
Image14001004-3629.jpg,新海诚《你的名字》桌面壁纸,534,140010043629,新海诚《你的名字》桌面壁纸
Image14001004-3754.jpg,"不过方向盘两侧有拨片可以调节动能回收力度,要注意的是,只有在踩下",535,140010043754,动能回收力度 方向盘 拨片 
Image14001004-3791.jpg,"工匠到家:地砖简单快速修复方法,让划痕和污渍再也不见!",536,140010043791,修复方法 划痕 地砖 
Image14001004-3882.jpg,"猪猪侠:吉丁为达到自己的目的,不择手段,关键时刻小猪猪给力!",537,140010043882,不择手段 关键时刻 吉丁 
Image14001004-3987.jpg,花园庭院家用灭蚊太阳能地插灯室外防水商用诱捕驱蚊,538,140010043987,防水商用诱捕 蚊太阳能地 花园庭院家用 
Image14001004-4028.jpg,"在一次偶然的情况下被星探发掘了,凭借着自己帅气的长相进入了娱乐圈",539,140010044028,娱乐圈 长相 星 
Image14001004-4091.jpg,"滁州的美融在这四道色彩中,悠游古今,四色成章.",540,140010044091,悠游古今 色彩 滁州 
Image14001004-4123.jpg,"那一年<人名>刚满40岁,从此,他便成了迪克牛仔.",541,140010044123,迪克牛仔. 
Image14001004-4135.jpg,"耳机连接后自动识别,无线连接状态下依然支持调节使用,界面简洁易懂",542,140010044135,无线连接状态 耳机 界面 
Image14001004-4177.jpg,"直接放尖椒烙用勺子逐个压一会儿,会听到水汽都出来的声音,烙至变软",543,140010044177,勺子 水汽 尖椒 
Image14001004-4269.jpg,突发国际空间站突然失控nasa准备上演太空大逃亡,544,140010044269,突发国际空间站突然失控nasa 
Image14001004-4270.jpg,随时待命的专业化妆师为你打造最cool,545,140010044270,专业化妆师 
Image14001004-4272.jpg,图解《喜爱夜蒲1》香港电影 夜场生活剧情,546,140010044272,喜爱夜蒲1 香港电影 生活剧情 蒲1 
Image14001004-4296.jpg,"平日里李氏和婆婆张氏相依为命,婆媳二人靠着编织衣服勉强维持生计.",547,140010044296,婆婆张氏 编织衣服 婆媳 
Image14001004-4311.jpg,"在暂停后杰伦-格林与工作人员一同回到了更衣室,不过他很快又回到了",548,140010044311,后杰伦-格林与工作人员 更衣室 
Image14001004-4374.jpg,4路时控光控回路开关智能照明模块经纬度路灯控制器,549,140010044374,纬度路灯控制器 时控光控回路开关智能照明模块 
Image14001004-4376.jpg,"这样过分的冷静甚至让喜欢的他的女嘉宾无所适从,不知道怎么才能打动",550,140010044376,女嘉宾 
Image14001004-4451.jpg,卡通人物和问号,551,140010044451,卡通人物和问号
Image14001004-4536.jpg,河南省温县蓝天救援队党员志愿者在居民小区进行消毒.,552,140010044536,居民小区 河南省温县蓝天救援队党员志愿者 消毒 
Image14001004-4658.jpg,能写这么漂亮的钢笔字.,553,140010044658,能写这么漂亮的钢笔字.
Image14001004-4824.jpg,"画好苹果肌,才能一笑倾城",554,140010044824,"画好苹果肌,才能一笑倾城"
Image14001004-4830.jpg,"中国女排退出亚锦赛原因浮出水面,不是实力,也不是",555,140010044830,亚锦赛原因 中国女排 水面 
Image14001004-4832.jpg,宜春没有办理的抓紧时间!,556,140010044832,宜春没有办理的抓紧时间!
Image14001004-4884.jpg,规划182平方公里三亚亚龙湾控规修编定位世界顶级旅游度假区之一,557,140010044884,龙湾控规修编定位世界顶级旅游度假区 三亚 规划 
Image14001004-4885.jpg,画面唯美演绎极致浪漫 正邪比力即将打响,558,140010044885,邪比力 极致 画面 
Image14001004-4888.jpg,日本传染病专家解说辉瑞摩德纳疫苗为什么第2次接种副反应,559,140010044888,辉瑞摩德纳疫苗 日本传染病专家 接种副反应 
Image14001004-4922.jpg,大民屯凹陷精细勘探实践与认识 陈振岩,560,140010044922,大民屯 精细勘探实践 陈振岩 
Image14001004-4925.jpg,璀璨的商代江南青铜文明:新干大墓,561,140010044925,新干大墓 青铜 
Image14001004-4927.jpg,"正是在这种情绪下,彭湃对彭蔓有些不满.",562,140010044927,彭湃 蔓 情绪 
Image14001004-4931.jpg,火箭一球员的定位极其尴尬 重建球队不需要 而争冠球队又要不起,563,140010044931,球队 火箭 球员 
Image14001004-4972.jpg,"军方与通用电气,普&惠签订合同,研究巡航发动机的布局.",564,140010044972,通用电气 军方 发动机 
Image14001004-4985.jpg,<人名>公主墓墓志铭(原拓保真),565,140010044985,公主墓墓志铭 
Image14001004-5018.jpg,"王者荣耀体验服芈月宣太后正式登录,界面更改五虎将换稷下星之队",566,140010045018,稷下星 太后 界面 
Image14001004-5050.jpg,"邓超为陈赫庆生,祝他明年生日瘦回",567,140010045050,邓超 陈赫 生日 
Image14001004-5075.jpg,汽车流言板长安univ四门轿跑预告,568,140010045075,轿跑预告 汽车流言板长安univ 
Image14001004-5107.jpg,银行人眼里的16幅世界名画:天黑之前基本上没回过家,569,140010045107,世界名画 银行人 天黑 
Image14001004-5140.jpg,女子代替牺牲的丈夫修挂壁公路#】贵州省毕节市赫章县白果街道石板河,570,140010045140,壁公路 贵州省毕节市赫章县白果街道石板河 丈夫 
Image14001004-5148.jpg,"高杉真宙,间宫祥太朗加盟《tori girl》演情敌",571,140010045148,tori girl 高杉真宙 宫祥 情敌 
Image14001004-5277.jpg,股票熊市的超短线选股技巧介绍_股价,572,140010045277,股票熊市 技巧介绍 短线 
Image14001004-5298.jpg,世界最长悬挑玻璃廊桥,573,140010045298,世界最长悬挑玻璃廊桥
Image14001004-5396.jpg,大型壁画3d火骷髅ktv墙纸墙布吉他音乐酒吧主题壁画镭射反光壁纸,574,140010045396,反光壁纸 大型壁画 d火骷髅 
Image14001004-5470.jpg,高三一轮复习电功和电功率复习课件答案ppt,575,140010045470,课件答案ppt 电功率 电功 
Image14001004-5486.jpg,"听说敦煌文博会中,王者荣耀力担c位秀翻全场?",576,140010045486,王者荣耀力 敦煌文博会 c位 
Image14001004-5579.jpg,湾港产城联动提升协同发展区发展水平,577,140010045579,港产城 提升协同发展区发展水平 
Image14001004-5600.jpg,"湖南人有福啦,美汁源ar""3重惊喜""来袭",578,140010045600,湖南人 美汁源ar 福 
Image14001004-5696.jpg,大阪关西春拍:重要中国古董通览,579,140010045696,大阪关西 重要中国古董通览 
Image14001004-5929.jpg,"说到秦奋,知道他的人脑海中不由自主的就会浮现国民男神,后宫无数",580,140010045929,国民男神 秦奋 后宫 
Image14001004-6082.jpg,"评委会这样评价他:""安野光雅在促进艺术交流与互相了解方面,扮演了",581,140010046082,野光雅 艺术交流 评委会 
Image14001004-6101.jpg,"谭松韵哪像30岁,穿抹胸""流沙裙""甜得直冒泡,说20出头都不为过",582,140010046101,流沙裙 谭松韵 胸 
Image14001004-6108.jpg,影视剪辑果然是将门之后连手撕绿茶都这么带劲结尾我笑了,583,140010046108,带劲结尾 影视剪辑 绿茶 
Image14001004-6162.jpg,一年赚2500亿<人名>晋升中国首富你贡献了多少,584,140010046162,中国首富 
Image14001004-6236.jpg,"黑管唇膏应该不用多说了吧,很多妹纸们的心头好了!",585,140010046236,黑管唇膏 妹纸们 
Image14001004-6287.jpg,比特币交易平台中币官方注册下载,586,140010046287,比特币交易平台中币官方注册 
Image14001004-6302.jpg,男朋友咋这么直太不关心女友了无语,587,140010046302,男朋友 女友 无语 
Image14001004-6326.jpg,"晒晒96平新家,原木系自然风新家,客餐厅好看又实用",588,140010046326,客餐厅 风新家 原木 
Image14001004-6333.jpg,背后的心酸和刻苦也只有<人名>自己知道,589,140010046333,
Image14001004-6450.jpg,数学北师大版四年级下册《栽蒜苗二》——认识折线统计图.ppt,590,140010046450,栽蒜苗二 图.ppt 年级下册 蒜苗 数学北师大版 
Image14001004-6501.jpg,闪电客足疗按摩床足浴沙发多功能电动躺椅桑拿推背沐足疗店美甲美睫,591,140010046501,足疗店美甲美睫 客足疗按摩床足浴沙发多功能电动躺椅桑拿 
Image14001004-6701.jpg,"沿动物身体主轴横断为两部或多部,然后由各部分发育成新个体的方式.",592,140010046701,各部分发育 新个体 动物身体主轴横断 
Image14001004-6822.jpg,"五一旅行书单|一次另类的""艺术""巡游",593,140010046822,旅行 艺术 
Image14001004-6890.jpg,"冯雷《三爱》过偶像剧隐 与<人名>戏外""互掐""",594,140010046890,三爱 偶像剧 冯雷 戏 
Image14001004-6913.jpg,"城乡教育更加均衡,去年以来中小学和幼儿园分别新增学位2.",595,140010046913,城乡教育 学位 幼儿园 
Image14001004-6942.jpg,纯儿牛仔加盟最少需要多少钱?23.8万元开创致富新时代,596,140010046942,牛仔加盟 新时代 钱 
Image14001004-7009.jpg,"同样日本的神级美女泽口靖子,这张照片真的美哭了所有人.",597,140010047009,神级美女 所有人 同样日本 
Image14001004-7063.jpg,"当我们由爱生恨时,想要对方粉身碎骨,最终酿成惨剧.",598,140010047063,惨剧 
Image14001004-7148.jpg,但是第二季度和第三季度会出现报复性反弹,599,140010047148,报复性反弹 季度 
Image14001004-7170.jpg,不会拆卸笔记本的电池记住这三点你就是拆机达人,600,140010047170,机达人 电池 笔记本 
Image14001004-7197.jpg,东京申奥最美代表:日法混血 曾传不雅视频,601,140010047197,雅视频 法混血 美代表 
Image14001004-7208.jpg,"致家长:你的努力,同孩子一样重要",602,140010047208,家长 孩子 努力 
Image14001004-7357.jpg,《天文板论语》原装原函2册1套全 何晏集解 附南宗论语考异1册,603,140010047357,天文板论语 异1册 何晏集解 原装原函 
Image14001004-7431.jpg,"""叶罗手作""木雕饰品工作室便应运而生.",604,140010047431,木雕饰品工作室 叶罗手 
Image14001004-7441.jpg,【战报】惠州惠新主场7:1大胜韶关星辰!,605,140010047441,战报 韶关星辰 新主场 惠州 
Image14001004-7555.jpg,<人名><人名>亲密合影 <人名>徐濠萦齐聚品牌秀【组图,606,140010047555,徐濠萦 组图 品牌 
Image14001004-7611.jpg,大容量集中式储能电站以及分布式储能的广域协同聚合是规模化储能的,607,140010047611,分布式储能 广域协同 大容量集中式储能电站 
Image14001004-7685.jpg,6161的本务和正在进站的k114,608,140010047685,本务 
Image14001004-7770.jpg,"我们经手过很多猫咪,猫咪亲人不亲人的概率和是否从小饲养的概率都是",609,140010047770,猫咪亲人 概率 
Image14001004-7805.jpg,凝聚力与向心力(一个高绩效团队的向心力和凝聚力作用),610,140010047805,向心力 凝聚力 
Image14001004-7874.jpg,"数万人连夜携牛逃跑,残酷的印巴火药桶和平出路在何方?",611,140010047874,印巴火药桶 出路 牛 
Image14001004-7947.jpg,62 亿!兰州市七里河安宁污水处理厂改扩建工程,612,140010047947,兰州市七里河安宁污水处理厂 工程 
Image14001004-7963.jpg,"首先这些幼儿园都已经完成了室内装修,初步估计会在9月份开园,具体",613,140010047963,幼儿园 装修 园 
Image14001004-8018.jpg,电子工厂工作总结(电烙铁篇) - r1的日志 - 网易博客,614,140010048018,网易博客 电子工厂工作 日志 
Image14001004-8024.jpg,公司独宠她一人太明显?jennie成团中首位solo出道成员,615,140010048024,jennie 位solo 成员 
Image14001004-8053.jpg,"q4:赴港,澳地区学习者,能否办理就业落户手续?",616,140010048053,澳地区学习者 就业落户手续 q4 
Image14001004-8209.jpg,恭喜乔老板喜提缔途双排3米汽车,617,140010048209,缔途 乔老板 汽车 
Image14001004-8225.jpg,"而且现在的明星往往会给自己安上独有的人设,比如黄小厨黄磊,小绵羊",618,140010048225,黄小厨黄磊 小绵羊 人设 
Image14001004-8276.jpg,6385万元 首付比例: 首付3成 首付2.,619,140010048276,首付比例 
Image14001004-8285.jpg,华南师范大学数学阶梯教室跟数学学院三楼机房在石牌校,620,140010048285,石牌校 楼机房 数学学院 
Image14001004-8357.jpg,怎样养好新到家的小猫咪,621,140010048357,怎样养好新到家的小猫咪
Image14001004-8428.jpg,"且5月已开始进入雨季,伞是一定要带着的.",622,140010048428,伞 
Image14001004-8460.jpg,"自治区科技厅高新处处长<人名>,桂林市工信委副主任莫国才等相关领导",623,140010048460,相关领导 桂林市工信委副主任莫国才 自治区科技厅高新处处长 
Image14001004-8553.jpg,iphone手机怎麼换铃声 iphone换铃声方法,624,140010048553,iphone手机 铃声方法 麼 
Image14001004-8650.jpg,疫情防控不力安庆这12家医疗机构被查,625,140010048650,医疗机构 疫情防控不力安庆 
Image14001004-8743.jpg,"年复一年,父子俩就靠着种地和砍柴为生,日子十分清苦.",626,140010048743,年复一年 日子十分 父子 
Image14001004-8745.jpg,"结婚当日,不仅仅是不给婚礼,还一脸严肃地对妻子说:你长得好丑.",627,140010048745,婚礼 妻子 
Image14001004-8754.jpg,"感冒后应该怎么办,美国相关研究为我们揭示了这一系列问题的答案.",628,140010048754,美国相关研究 感冒 答案 
Image14001004-8784.jpg,"未来,拜特科技也将坚持创新与升级,基于对客户需求及业务流程的深入",629,140010048784,拜特科技 业务流程 客户需求 
Image14001004-8888.jpg,六神花露水195ml,630,140010048888,六神花露水195ml
Image14001004-8972.jpg,他是时尚大帝老佛爷 与ysl争风吃醋一辈子,631,140010048972,时尚大帝老佛爷 与ysl争风 
Image14001004-9023.jpg,苏州墙体彩绘-现代欧式风格搭配墙绘,632,140010049023,欧式风格 苏州墙体彩绘 墙 
Image14001004-9148.jpg,"我们首次提出问题的定义和量化公式,最终结合多帧信息非常好的解决了",633,140010049148,量化公式 定义 信息 
Image14001004-9229.jpg,清华深研院<人名>同学作品荣获2018icva大赛金奖,634,140010049229,大赛金奖 同学作品 清华深研院 
Image14001004-9260.jpg,"《电锯惊魂9:螺旋》票房超8亿血浆系列大作,虐心回归",635,140010049260,电锯惊魂9:螺旋 血浆系列大作 票房 电锯 
Image14001004-9314.jpg,"那个""移动数据""的图标即为手机移动数据的开关.",636,140010049314,手机移动数据 图标 开关 
Image14001004-9649.jpg,"2019年广西廖氏盛泰公祭祀盛况 廖家人,转起",637,140010049649,广西廖氏盛泰公祭祀盛况 廖家人 
Image14001004-9759.jpg,女神季正当红!万新弘文府口红全城派送 宠礼来袭,638,140010049759,女神季 宠礼 新弘文府口红全城 
Image14001004-9763.jpg,作为粉丝我们也将一路同行,639,140010049763,作为粉丝我们也将一路同行
Image14001004-9848.jpg,md · 葬天尘/rsdemo - gitee.com,640,140010049848,天尘/rsdemo md gitee.com 
Image14001004-9888.jpg,转入我院后复查的头部ct显示中线又有移位,641,140010049888,我院 头部ct 中线 
Image14001005-0037.jpg,基础知识梳理 中亚 北亚,642,140010050037,基础知识梳理 中亚 北亚
Image14001005-0141.jpg,微耕机家c用复盖机机o地膜铺x农用省力工可膜覆花生具,643,140010050141,x农用省力工 微耕机家c用复盖机机o地膜 花生 
Image14001005-0142.jpg,"手上出现这个症状,是气血""耗尽""了,该补气血,特别是女人!",644,140010050142,气血 症状 女人 
Image14001005-0179.jpg,"与往年相比,今年成绩查询最大的变化就是能马上知道自己是否进面",645,140010050179,成绩 面 变化 
Image14001005-0222.jpg,"【很哥解密】安家里扮房似锦家人的演员,不仅有孙俪的",646,140010050222,很哥解密 房似锦家人 很哥 安家里 孙俪 
Image14001005-0305.jpg,"《一课一练》和《凸变英雄》部则属于搞笑泡面番,以出现大量的夸张",647,140010050305,一课一练 凸变英雄 泡面番 课 夸张 部 
Image14001005-0492.jpg,"短尾琉金金鱼是文鱼传到日本,.",648,140010050492,短尾琉金金鱼 文鱼 日本 
Image14001005-0513.jpg,"维京邮轮,驶向初夏的中欧梦",649,140010050513,"维京邮轮,驶向初夏的中欧梦"
Image14001005-0526.jpg,二战中肆虐亚欧的日德摩托,650,140010050526,二战中肆虐亚欧的日德摩托
Image14001005-0582.jpg,复古禅意中式粗陶陶瓷坛子插花器室内外陶瓷落地大号花瓶橱窗摆件,651,140010050582,复古禅意 陶瓷坛子 陶瓷落地大号花瓶橱窗 
Image14001005-0670.jpg,"杭情施意丨配好乡村振兴""金钥匙""",652,140010050670,金钥匙 好乡村 杭情施意 
Image14001005-0713.jpg,一起给切切过生日,653,140010050713,一起给切切过生日
Image14001005-0829.jpg,g09 希尔塔赫的温暖午后,654,140010050829,g09 希尔塔赫的温暖午后
Image14001005-0919.jpg,娱乐圈新鲜事的微博视频,655,140010050919,娱乐圈新鲜事的微博视频
Image14001005-0980.jpg,系列气弹簧现有(部分)规格一览表,656,140010050980,系列气弹簧现有规格一览表 
Image14001005-1016.jpg,新界两区指数有力向升 支持整体楼价高位企稳,657,140010051016,新界两区指数有力向升 整体楼价高位 
Image14001005-1029.jpg,社区智能安防的总体架构,658,140010051029,社区智能安防的总体架构
Image14001005-1140.jpg,"河南一学校组织学生集体砸手机,律师5问组织者!|犯罪",659,140010051140,学生集体 律师5问组织者 学校 
Image14001005-1198.jpg,【彰显特色 均衡发展】省公路局孙校伟副局长调研三门,660,140010051198,彰显特色 均衡发展 省公路局孙校伟副局长调研三门 特色 
Image14001005-1218.jpg,"来看!广安湖羊上央视啦,见证村民如何过上""羊""气生活",661,140010051218,气生活 广安湖羊 央视 
Image14001005-1219.jpg,"他给予调查兵团诸多帮助,才让兵长他们能够险中求胜.",662,140010051219,调查兵团 兵长 能够险 
Image14001005-1307.jpg,"从见证到钟意,媒体大咖实力证言!",663,140010051307,媒体大咖实力证言 
Image14001005-1349.jpg,"方非一式,圆不一相.很多紫砂壶的造型,从古到今,长盛不衰.",664,140010051349,紫砂壶 一式 长盛 
Image14001005-1410.jpg,其他混合设备-配料计量系统 高精度 江苏 常州-其他尽,665,140010051410,高精度 混合设备 配料计量系统 
Image14001005-1477.jpg,"""我的妈妈会将随机的布料和材料组装起来,制造出她的作品.",666,140010051477,布料 妈妈 作品 
Image14001005-1630.jpg,热血二中人|我校2019年春季田径运动会隆重开幕,667,140010051630,田径运动会 热血 人 
Image14001005-1672.jpg,不能让学生,668,140010051672,不能让学生
Image14001005-1740.jpg,"这款手表还设有30米的防水,在日常生活中不用担心进水问题.",669,140010051740,日常生活 水问题 防水 
Image14001005-1757.jpg,"6,用打蛋器先把粉粉拌匀,再开低速搅拌成细腻,无颗粒的蛋糕糊",670,140010051757,粉粉 打蛋器 颗粒 
Image14001005-1798.jpg,"亚锦赛宁队率先怼上卫冕冠军,孙颖莎1/4区就",671,140010051798,卫冕冠军 怼 亚锦赛宁队 
Image14001005-1888.jpg,男潮2021新款春季鞋气网面韩版c透流百搭增高男士运动,672,140010051888,男士运动 鞋气网面韩版c 男潮 
Image14001005-1900.jpg,"干这活儿于私可以锻炼身体,为公能宣传党的政策,可谓一举两得.",673,140010051900,党 活儿 公 
Image14001005-1937.jpg,"三国时期,交州属于吴国地盘.",674,140010051937,"三国时期,交州属于吴国地盘."
Image14001005-2008.jpg,"以上为永不止步ipfs个人建议.投资有风险,入场需谨慎.",675,140010052008,止步ipfs个人 风险 投资 
Image14001005-2105.jpg,秦岭——横亘东西的华夏龙脉,676,140010052105,秦岭——横亘东西的华夏龙脉
Image14001005-2184.jpg,红色指示灯--正在充电中.从0电充到满大概需要45分钟左右.,677,140010052184,红色指示灯 电 
Image14001005-2238.jpg,"起初这种起云剂是用棕榈油等天然油类制备而成的,但天然植物油中不",678,140010052238,天然油类 天然植物油 棕榈油 
Image14001005-2252.jpg,107国道小刘桥3.中州大道商鼎路下穿隧道2.东三环经北六路1.,679,140010052252,国道小刘桥 中州大道商鼎路 六路 
Image14001005-2391.jpg,"在广西平南县竟然还有这么大一个动物园,雄森动物大世界",680,140010052391,广西平南县 动物园 动物大世界 
Image14001005-2524.jpg,回娘家一趟把弟弟和弟媳赶出家门爸妈也没有吭声,681,140010052524,家门爸妈 娘家 弟弟 
Image14001005-2598.jpg,"时间是最公正的评判者,一切事物莫不接受其检验.",682,140010052598,评判者 事物 时间 
Image14001005-2635.jpg,"重大信号!楼宇经济,空港商务区……双流即将大变样!",683,140010052635,空港商务区 楼宇经济 重大信号 
Image14001005-2767.jpg,"昨天,我因为手机里没有安装拼多多,被踢出了群聊",684,140010052767,群聊 拼多多 手机 
Image14001005-2816.jpg,"以上是摘抄的句子中的一页,好在高考语文不错,没有辜负ω",685,140010052816,高考语文 句子 
Image14001005-2940.jpg,微信图片_2021082515550038.jpg,686,140010052940,微信图片_2021082515550038.jpg 
Image14001005-2947.jpg,兽王争锋,687,140010052947,兽王争锋
Image14001005-3037.jpg,"建成后,从广州南站出发,搭七号线20分钟左右就能到达终点站美的",688,140010053037,广州南站 终点站 搭七 
Image14001005-3094.jpg,上热门翘着二郎腿的老婆我没猜错的话是小金人祸祸的吧,689,140010053094,人祸祸 二郎腿 老婆 
Image14001005-3160.jpg,"桥梁支撑架使用碗扣脚手架的居多,也有使用门式脚手架的.",690,140010053160,门式脚手架 碗 桥梁 
Image14001005-3174.jpg,未来河南暴雨会发生哪些变化?遇到暴雨灾害我们该如何防范?,691,140010053174,河南暴雨 暴雨灾害 变化 
Image14001005-3179.jpg,分享于何小姐的婚礼家 返回搜             责任编辑,692,140010053179,责任编辑 婚礼 小姐 
Image14001005-3207.jpg,燕窝工厂是如何加工燕窝的,693,140010053207,燕窝工厂是如何加工燕窝的
Image14001005-3334.jpg,中金投集团提供的主要业务包括:利用自有资金开展直接贷款业务;通过,694,140010053334,中金投集团 自有资金 主要业务 
Image14001005-3336.jpg,光绪三十二年拜人物画家赵鸿雪为师.,695,140010053336,人物画家赵鸿雪 师 
Image14001005-3390.jpg,"有些地区,仅一个加氢站的土地成本就高达数千万元.",696,140010053390,土地成本 加氢站 地区 
Image14001005-3399.jpg,最会画女人的美女艺术家勒布伦夫人,697,140010053399,美女艺术家勒布伦夫人 女人 
Image14001005-3430.jpg,朝冠耳 方香炉,698,140010053430,朝冠耳 方香炉
Image14001005-3474.jpg,胡集镇重拳出击严打涉油违法犯罪,699,140010053474,油违法犯罪 重拳 
Image14001005-3568.jpg,心有余而力不足快船被迫放弃177小钢炮86妖卫成目标,700,140010053568,心有余而力 妖卫 小钢炮 
Image14001005-3684.jpg,"起步轻盈,加速快,没有顿挫感,而且刹车效果也非常出色.",701,140010053684,刹车效果 顿挫感 起步 
Image14001005-3766.jpg,安<人名>朱莉:气场强大的女人,702,140010053766,气场 朱莉 女人 
Image14001005-3836.jpg,深度|为什么说塞尔比首轮出局不算大冷门,703,140010053836,大冷门 塞尔比 出局 
Image14001005-3865.jpg,工程施工管理工作施工中没有严格执行隐蔽工程安全技术交底和报关报检,704,140010053865,隐蔽工程安全技术 工程施工管理工作施工 报关 
Image14001005-3876.jpg,"集铁家园 3室2厅2卫,毛坯,急售",705,140010053876,铁家园 毛坯 卫 
Image14001005-4007.jpg,"新房装修,飘窗改一改,胜过多买5平米!",706,140010054007,新房 窗 
Image14001005-4041.jpg,奥迪双钻机甲兽神2爆裂飞车3星能觉醒玩具套装晶片竞技自动夺晶变形,707,140010054041,玩具套装晶片竞技 钻机甲兽神 晶 
Image14001005-4049.jpg,"但是一定要将基本的数字,符号写清楚,不然上面的方法都无法发挥作用",708,140010054049,符号 数字 方法 
Image14001005-4165.jpg,"只是剪短之后还保留这么深的发色,就会显得不灵动活泼,如果刚好你对",709,140010054165,发色 
Image14001005-4217.jpg,有部分现车到店 本田雅阁优惠达1.3万元,710,140010054217,本田雅阁优惠 店 车 
Image14001005-4221.jpg,"赵薇,<人名>也皇窃谀玫秸饪榻虾玫那妹抛┖,继续向前不断迈进的.",711,140010054221,饪榻虾玫 妹 谀 
Image14001005-4256.jpg,疫苗接种宣传免扣图,712,140010054256,疫苗接种宣传免扣图
Image14001005-4294.jpg,瀚大黎众|川美蓝东周连环画《东周列国故事》之六十四,713,140010054294,东周列国故事 列国故事 瀚大黎众 连环画 美 
Image14001005-4317.jpg,青藤哥哥,714,140010054317,青藤哥哥
Image14001005-4373.jpg,"君子兰不开花,这招最好使,花箭嗖嗖窜出来,一盆开花上",715,140010054373,君子兰 花箭 
Image14001005-4400.jpg,一年级课外书必读 童谣和儿歌人教版注音课外阅读书籍,716,140010054400,阅读书籍 儿歌人教版注音 童谣 
Image14001005-4464.jpg,"关于线段的基本事实: 两点的所有连线中,线段最短.",717,140010054464,基本事实 线段 线 
Image14001005-4528.jpg,"相比起在中保研撞出垫底成绩的帕萨特,迈腾其实在产品品质方面或许更",718,140010054528,垫底成绩 迈腾其实在产品品质方面 帕萨特 
Image14001005-4587.jpg,形象展示-西安凯迪物流运输有限公司-物通网会员http,719,140010054587,物通网会员http 西安凯迪物流运输有限公司 形象 
Image14001005-4612.jpg,"天邦食品股份有限公司→天邦全熟化""蟹三超""料",720,140010054612,天邦食品股份有限公司 蟹 料 
Image14001005-4640.jpg,"叙利亚叛军新大战打响第一枪:叙俄联军基地被占后,美军不撤军了",721,140010054640,叙俄联军基地 叙利亚叛军新大战 美军 
Image14001005-4692.jpg,护理核心制度(六):药品安全管理制度,722,140010054692,药品安全管理制度 护理核心制度 
Image14001005-4752.jpg,"演出还是很震撼的,灯光和大自然融为一体,还看到了夜空的繁星,提醒",723,140010054752,大自然 夜空 繁星 
Image14001005-4754.jpg,"《流水生财》祥瑞之气集于一身,设置手机壁纸十分吉利!",724,140010054754,流水生财 手机壁纸 流水 气 一身 
Image14001005-4766.jpg,津津有味烧烤餐厅(锦榕大厦店)烤猪肉串图片,725,140010054766,猪肉串图片 餐厅 
Image14001005-4768.jpg,海军广州烈士陵园旅游景点攻略图,726,140010054768,海军广州烈士陵园旅游景点攻略图 
Image14001005-4789.jpg,"影视综艺两开花,《王牌部队》后又",727,140010054789,王牌部队 影视综艺 
Image14001005-4828.jpg,"持股数减少一半,基金几乎跑光,格力电器只留下了散户?",728,140010054828,格力电器 股数 跑光 
Image14001005-4882.jpg,还有就是学校的实力还是不够强,729,140010054882,还有就是学校的实力还是不够强
Image14001005-4994.jpg,简友家具办公桌 时尚办公前台 接待台 收银台 咨询台,730,140010054994,简友家具办公桌 时尚办公前台 收银台 
Image14001005-5021.jpg,雷峰塔藕香居中式茶餐厅-室内-空间,731,140010055021,雷峰塔藕香 中式茶餐厅- 空间 
Image14001005-5140.jpg,"最重要的就是不要去看远方模糊的,而做手边清楚的",732,140010055140,
Image14001005-5216.jpg,难道不比年轻人更值得拿到s卡?,733,140010055216,s卡 年轻人 
Image14001005-5267.jpg,"走进长街,一股历史的沧桑感扑面而来.",734,140010055267,沧桑感 长街 历史 
Image14001005-5491.jpg,"因为有人在网上看了,就不会在线下买了.",735,140010055491,线下 
Image14001005-5511.jpg,初中生迎坏消息2021中考将延期举行学生和家长慌了神,736,140010055511,坏消息 中考 初中生 
Image14001005-5569.jpg,优惠券系统细节剖析(二):优惠券后台创建流程设计,737,140010055569,优惠券后台创建流程设计 优惠券系统细节 
Image14001005-5672.jpg,电动牙刷火爆的原因是什么真比普通牙刷好吗牙科医生这样回应,738,140010055672,电动牙刷 牙科医生 普通牙刷 
Image14001005-5734.jpg,"狮子头做工讲究,成菜口感软糯柔滑,肥而不腻.",739,140010055734,狮子头做工 菜口感 肥 
Image14001005-5788.jpg,绘画日记本一年级小学生日记本幼儿园带拼音田字格看图写话本子少儿,740,140010055788,绘画日记本 本子少儿 年级小学 
Image14001005-5943.jpg,地方站>正文> 北京冬奥会会徽雕塑.,741,140010055943,北京冬奥会会徽雕塑 地方站 正文 
Image14001005-5947.jpg,"雨中零落的石榴花,一地残花,看着心碎",742,140010055947,地残花 石榴花 雨 
Image14001005-5952.jpg,h3c数据中心方案设计及设备选型比赛,743,140010055952,h3c数据中心方案设计 比赛 设备 
Image14001005-6093.jpg,"搞笑 正文  在澡堂相遇的两个萝卜: 笑口常开,好运自来!",744,140010056093,好运自来 笑口 萝卜 
Image14001005-6098.jpg,"位列第四位的就是罗家枪法,代表人物是湖广<人名>,他是这四个人里面",745,140010056098,罗家枪法 湖 人物 
Image14001005-6128.jpg,厂家直销 专业定做 高精度减速器输出轴 洗衣机减速机,746,140010056128,高精度减速器 洗衣机 厂家 
Image14001005-6157.jpg,"四大模式 | 招行乐视掐架,和""内保外贷""有啥关系?",747,140010056157,招行乐视 大模式 架 
Image14001005-6249.jpg,宁夏2021高考本科第二批院校投档线(理科)|太原师范,748,140010056249,院校投档线 太原师范 高考本科 
Image14001005-6304.jpg,7种美容方法让你亮丽动人 橄榄油的美容方法 - 民福康,749,140010056304,美容方法 橄榄油 民福康 
Image14001005-6322.jpg,国内有哪些知名的智能家居品牌?,750,140010056322,智能家居品牌 
Image14001005-6327.jpg,"世界政坛就是这么有意思.最近,德国总理去俄罗斯访问了.",751,140010056327,世界政坛 德国总理 俄罗斯 
Image14001005-6335.jpg,"1982年不过,真正的转折发生在直到50多岁依旧没有实现主演梦.",752,140010056335,转折 梦 
Image14001005-6394.jpg,什么是新工艺白茶与做旧茶一文带你理清关系今后不怕买错茶,753,140010056394,旧茶 清关系 新工艺白茶 
Image14001005-6456.jpg,"<人名>战败后连发数条微博怒斥熊呈呈,熊在撒谎要不是",754,140010056456,熊 微博 
Image14001005-6487.jpg,"老鸭柿种2年了,还没开过花,这是为什么?买桩种的",755,140010056487,老鸭柿 桩种 花 
Image14001005-6559.jpg,"分析了美国著名大公司的丑闻,裁员,重组,近期财务状况和其他主要的",756,140010056559,财务状况 美国著名大公司 裁员 
Image14001005-6585.jpg,九略—东湖高新—项目计划和总结2.doc 1页,757,140010056585,东湖高新 项目计划 2.doc 
Image14001005-6737.jpg,《中国烹饪》封面<人名><人名>刘毅姜习<人名>郑友梅<人名><人名>李淑,758,140010056737,中国烹饪 刘毅姜习 郑友梅 李淑 
Image14001005-6813.jpg,提车半个月心得,759,140010056813,提车半个月心得
Image14001005-6817.jpg,万众瞩目!隆盛地产御字系高端首作揭晓!,760,140010056817,隆盛地产御字系高端首 揭晓 
Image14001005-6877.jpg,外婆是一个通达且明事理的老人 在华莉丝赤脚逃婚穿越沙漠来到她的,761,140010056877,华莉丝赤脚 外婆 事理 
Image14001005-7013.jpg,"下面要讲的东西,跟我们上篇所写的安徽,刚好是紧密相关的.",762,140010057013,安徽 东西 
Image14001005-7025.jpg,鬼谷子正版书原著无删减捭阖七十二术本经阴符七术与攻心术鬼谷子,763,140010057025,删减捭阖 鬼谷子正版书原著 七术与攻心术鬼谷子 
Image14001005-7056.jpg,"最左边的<人名>,大概是那个时候跟<人名>有了交集,直到之前一组她和",764,140010057056,交集 
Image14001005-7128.jpg,单票 票 票据 640_743,765,140010057128,单票 票据 票 
Image14001005-7348.jpg,韩国yg公司老板<人名>告记者损毁名誉 索赔2亿韩元,766,140010057348,韩国yg公司老板 名誉 记者 
Image14001005-7414.jpg,陆风x6 2007款 新饰力 2.8l 四驱标准,767,140010057414,四驱标准 陆风x6 新饰力 
Image14001005-7455.jpg,"去公园,野生动物园,郊外等地方游玩时,应特别注意不要接触野生禽鸟",768,140010057455,野生动物园 野生禽鸟 公园 
Image14001005-7664.jpg,经典高端共赢未来古风禅意佛本是道ppt模版,769,140010057664,道ppt模版 经典高端 古风禅意佛本 
Image14001005-7745.jpg,「百年盛世·大家风范」著名画家<人名>作品展 - 藏艺,770,140010057745,著名画家 藏艺 作品展 
Image14001005-7788.jpg,上海书画出版社 - 书问,771,140010057788,上海书画出版社 - 书问
Image14001005-7824.jpg,"后系统会自动生成相关数据表格,支持进行快速打印或批量导出电子表格",772,140010057824,电子表格 相关数据表格 系统 
Image14001005-7890.jpg,"产品特点,产品优势以及顾客的消费习惯进行设计出适合本身的一款纸",773,140010057890,消费习惯 产品特点 产品优势 
Image14001005-7909.jpg,张家口 赤城 南仓堡,774,140010057909,张家口 赤城 南仓堡
Image14001005-7914.jpg,连云港旅游招商推介会在日本大阪举行,775,140010057914,连云港旅游招商推介会 日本 
Image14001005-7962.jpg,最终实现公司北美区域国际航线多条航路灵活优选和北京=布鲁塞尔航线,776,140010057962,布鲁塞尔航线 公司北美区域国际航线 航路 
Image14001005-8031.jpg,全 中国当<人名>作品选一二三 -76- 上下册 庆生 又平,777,140010058031,上下册 -76 作品 
Image14001005-8073.jpg,"控制车速,保持车距,各行其道.",778,140010058073,车距 车速 
Image14001005-8125.jpg,"过去靠滚雪球的金融玩法或许很难行得通了,因为现在拿地金额必须跟卖",779,140010058125,金融玩法 地金额 
Image14001005-8140.jpg,毕节水陆战车厂,780,140010058140,毕节水陆战车厂
Image14001005-8147.jpg,"努力,坚持,自爱,沉静,提醒年轻的自己!",781,140010058147,努力 
Image14001005-8190.jpg,两人离开喀布尔后发表声明说:「美国对我国公民和忠诚盟友负有道德,782,140010058190,忠诚盟友 我国公民 喀布尔后 
Image14001005-8195.jpg,小学四年级数学上册第二单元试卷(配人教实验教材)答案,783,140010058195,年级数学 单元试卷答案 册 
Image14001005-8253.jpg,【仕】定制手工缝制固特异绅士商务男整张意大利小牛皮鞋皮底婚鞋,784,140010058253,仕 婚鞋 意大利小牛皮鞋皮 特异绅士商务 
Image14001005-8352.jpg,"纵观其股东亦多为全球顶级投资人;成立之初,其获得红杉资本等机构的",785,140010058352,红杉资本 全球顶级投资人 股东 
Image14001005-8357.jpg,用于心悸 失眠多梦】和田维吾尔 健心合米尔高滋斑安比热片 0.,786,140010058357,和田维吾尔 健心合米尔 斑安 
Image14001005-8360.jpg,"本质上讲,女人自我价值的实现是在男人对她的认可,爱慕中才能实现.",787,140010058360,男人 女人 本质 
Image14001005-8504.jpg,风情滨水商街,788,140010058504,风情滨水商街
Image14001005-8590.jpg,名家 惠维 山水 - 作品161终南山雪景,789,140010058590,终南山雪景 惠维 名家 
Image14001005-8715.jpg,"【组图】耍猴人最底层的卖艺人凭双手吃饭,却处处遭人",790,140010058715,组图 猴人 双手吃饭 卖艺人 
Image14001005-8725.jpg,这种温情的文化和生活方式每年吸引了超过百万人次的业主参与到金科,791,140010058725,生活方式 金科 业主 
Image14001005-8935.jpg,"1928年, 珂勒惠支被选为 柏林艺术学院版画部主任",792,140010058935,柏林艺术学院版画部主任 珂勒 
Image14001005-8950.jpg,"北京反恐特警总队,展现不一样的骑士风采!",793,140010058950,骑士风采 北京反恐特警总队 
Image14001005-9118.jpg,京沪二线最新消息 2019京沪二线莒县诸城最新_京沪二线山东调整,794,140010059118,沪二线山东调整 京沪二线最新消息 诸城 
Image14001005-9195.jpg,"人社部,深圳市领导等与hroot总经理<人名>共同为深圳",795,140010059195,与hroot总经理 深圳市领导 人社部 
Image14001005-9265.jpg,(巴黎) 瑞士意大利七日浓情之旅(编号:sit7),796,140010059265,浓情 瑞士意大利 旅 
Image14001005-9272.jpg,辞旧迎新的快乐,797,140010059272,辞旧迎新的快乐
Image14001005-9275.jpg,初中老师全款买房被家长举报月收入不超5000用什么买的,798,140010059275,月收入 初中老师全款 家长 
Image14001005-9311.jpg,斗罗大陆魂师对决<人名>阵容怎么搭配,799,140010059311,斗罗大陆魂师对决 阵容 
Image14001005-9343.jpg,三步走广誉远到底能走多远,800,140010059343,三步走广誉远到底能走多远
Image14001005-9432.jpg,[新车谍报]路虎改款神行者2路试谍照曝光_汽车_腾讯网,801,140010059432,路试谍照 款神行者 路虎 
Image14001005-9591.jpg,恒大影城群力店 恒大影城(群力店)入驻道里群力新区 道里区第一家,802,140010059591,恒大影城群力店 道里群力新区 道里区 
Image14001005-9719.jpg,"有多少痴情,只是因为不甘心",803,140010059719,"有多少痴情,只是因为不甘心"
Image14001005-9757.jpg,浪漫后现代风格斜顶阁楼装修效果图,804,140010059757,阁楼装修效果图 风格 
Image14001005-9765.jpg,"京城最in八家网红甜品店,你拔草了几家?",805,140010059765,京城最in 网红甜品店 草 
Image14001005-9804.jpg,"为进一步推动消费升级,北京将孵化一批新消费品牌.",806,140010059804,消费升级 新消费品牌 北京 
Image14001006-0071.jpg,""" 离开泸沽湖的那个早上我很舍不得.",807,140010060071,泸沽湖 
Image14001006-0367.jpg,"鄢颇风流了一辈子,梅婷,李小冉这样的大美女全部都被她错过了,而",808,140010060367,大美女 鄢 李小冉 
Image14001006-0514.jpg,而手动挡汽车就需要通过适时切换挡位来改变车辆速度以及发动机扭力的,809,140010060514,发动机扭力 手动挡汽车 车辆速度 
Image14001006-0532.jpg,"这座南宋小城曾让蒙古军队停止征伐,影响欧亚大陆的历史",810,140010060532,欧亚大陆 蒙古军队 小城 
Image14001006-0565.jpg,"乌总理季莫申科:""平民女孩""到""天然气公主""",811,140010060565,乌总理季莫申科 平民女孩 天然气公主 
Image14001006-0614.jpg,君山别墅3室3厅150㎡288万二手房图片,812,140010060614,君山别墅 二手房图片 室 
Image14001006-0620.jpg,"《见字如面2》成""视帝视后""顶级讲堂",813,140010060620,见字如面2 顶级讲堂 字如面 帝 
Image14001006-0730.jpg,人参五宝茶黄精桑葚枸杞熬夜身体大补调理滋补品男人养生八宝肾茶,814,140010060730,滋补品男人 宝茶黄精 八宝肾茶 
Image14001006-0776.jpg,服务留个半星算给面子了.,815,140010060776,服务留个半星算给面子了.
Image14001006-0827.jpg,"她强调,古岘镇有历史,有文化,美丽乡村建设要与特色镇打造充分结合",816,140010060827,美丽乡村建设 古岘镇 特色镇 
Image14001006-0855.jpg,"都会带来整个行业新的一波洗牌,也会带来新的行业的发展机会",817,140010060855,整个行业 发展机会 牌 
Image14001006-0884.jpg,"巴基斯坦总理伊姆兰·汗确诊,莫迪祝早日康复",818,140010060884,巴基斯坦总理伊姆兰·汗 莫迪 
Image14001006-0905.jpg,"并非蜗居那么简单 欧洲悄悄流行""睡觉箱""",819,140010060905,箱 欧洲 
Image14001006-1009.jpg,青霉素皮试,820,140010061009,青霉素皮试
Image14001006-1171.jpg,亲子阅读怎么选书?不同年龄段孩子要读的书不同,821,140010061171,不同年龄段孩子 书 亲子 
Image14001006-1194.jpg,8折开撸!,822,140010061194,8折开撸!
Image14001006-1257.jpg,"赶紧跑吧,有个谢顶的怪蜀黍拍着篮球追你来了.",823,140010061257,怪蜀黍 篮球 谢顶 
Image14001006-1359.jpg,"这是中国的本月大船集团,所交付出来的一艘,名字为凯力轮的大型油船",824,140010061359,大型油船 本月大船集团 凯力 
Image14001006-1380.jpg,"随着中国社会老龄化趋势的加深,老年教育作为终身教育不可或缺的重要",825,140010061380,终身教育 中国社会老龄化趋势 加深 
Image14001006-1390.jpg,"【二手9成新】老版中医医籍《血证论》全1册""本书为清代医学家.",826,140010061390,二手9成新 血证论 全1册 老版中医医籍 医学家 
Image14001006-1512.jpg,基于生态保护红线10自然保护区和国家公园及重要生态功能区等明确,827,140010061512,国家公园 生态保护红线 重要生态功能区 
Image14001006-1521.jpg,刘东一行详细了解 郑州十一中考点考务工作情况,828,140010061521,刘东一行 考点考务工作情况 郑州 
Image14001006-1573.jpg,swm斯威x7正是精准地切合了这一用户需,829,140010061573,swm斯威x7 用户 
Image14001006-1681.jpg,"语文的基础选择题和默写题,功夫在平时,靠临时抱佛脚很难获得考前",830,140010061681,语文 默写题 临时抱佛脚 
Image14001006-1714.jpg,信用评级aa还打造了贵州本土的网约车平台这家企业厉害了,831,140010061714,信用评级aa 网约车平台 贵州本土 
Image14001006-1770.jpg,王者荣耀 圣斗士不仅可以联动后羿出皮肤 还可以联动这十个英雄,832,140010061770,圣斗士 皮肤 英雄 
Image14001006-1832.jpg,"他们就是七杀剑武魂的传承者,九十七级极限斗罗尘心,另外一个是先天",833,140010061832,剑武魂 七级极限斗罗尘心 传承者 
Image14001006-1999.jpg,新款大众途观l有望九月上市颜值小改能回到榜首,834,140010061999,新款大众途观l 上市颜值 榜首 
Image14001006-2004.jpg,"海贼王:海米们一定要看这部电影哟,老沙,斯摩格,女帝",835,140010062004,女帝 海米们 老沙 
Image14001006-2161.jpg,"葫芦是一年生的 攀援草本植物,全身布满细毛,叶片近似心形.",836,140010062161,叶片近似心形 攀援草本植物 葫芦 
Image14001006-2283.jpg,"对网络设备要有一定的可管理性,可以方便的进行远程管理. 4.",837,140010062283,远程管理 网络设备 管理性 
Image14001006-2329.jpg,"外媒:科学家首次发现神秘天体,悬浮在太阳系边缘",838,140010062329,神秘天体 太阳系边缘 外媒 
Image14001006-2540.jpg,"广东宏远大胜夜留隐患,超级小外援手腕再度受伤令人担忧!",839,140010062540,广东宏远 小外援手腕 隐患 
Image14001006-2546.jpg,"个人债务是指夫妻一方为满足个人需要所借的债务;夫妻共同债务,通常",840,140010062546,个人债务 夫妻一方 夫妻共同债务 
Image14001006-2644.jpg,"明星为拍美照太拼,杨紫躺桌子,<人名>用脚趾,我就服包",841,140010062644,美照 杨紫 脚趾 
Image14001006-2660.jpg,一元二次不等式相关的题.,842,140010062660,一元二次不等式相关的题.
Image14001006-2665.jpg,"蟹虾一锅煮,竟能如此的好吃!根本吃不够",843,140010062665,蟹虾 
Image14001006-2736.jpg,给大家表演一个美女过生日,844,140010062736,给大家表演一个美女过生日
Image14001006-2834.jpg,wtt多哈赛伊藤美诚<人名>和轻松闯关平野美宇石川佳纯出局,845,140010062834,wtt多哈赛 平野美宇石川佳纯 
Image14001006-2980.jpg,"呼伦贝尔草原,海拉尔-白桦林-驯鹿园-临江-满洲里,6日",846,140010062980,呼伦贝尔草原 白桦林 海拉尔 
Image14001006-3037.jpg,2018-12-07 举报 删除 埃及公主为争夺,847,140010063037,埃及公主 
Image14001006-3049.jpg,"恰恰现在有非常多的伙伴,选择观望,而不敢去行动,为何这一现象特别",848,140010063049,伙伴 行动 现象 
Image14001006-3197.jpg,"x线片检查结果显示,骨盆倾斜,双髋关机融合,骶髂关节融合.",849,140010063197,x线 骨盆倾斜 检查结果 
Image14001006-3237.jpg,肖战又双叒登上商业财报商务魔王一骑绝尘早已初露峥嵘,850,140010063237,商业财报商务魔王 绝尘 叒 
Image14001006-3264.jpg,"《花千骨》是由慈文传媒集团制作并发行,<人名>",851,140010063264,花千骨 慈文传媒集团 
Image14001006-3268.jpg,dnf:鬼剑士各职业专属天空套盘点 深渊恶魔配红眼毋庸,852,140010063268,深渊恶魔 红眼 职业专属天空套盘点 
Image14001006-3275.jpg,创新才能发展!,853,140010063275,创新才能发展!
Image14001006-3283.jpg,华泰人寿安心稳赢年金保险,854,140010063283,华泰人寿安心稳赢年金保险
Image14001006-3446.jpg,赵匡胤把中唐200年以来的毒瘤根除掉代价是自身性命,855,140010063446,毒瘤 性命 代价 
Image14001006-3466.jpg,"绍兴籍演员<人名>出任此次电影节亚洲新人奖单元的评委,是除了导演",856,140010063466,绍兴籍演员 电影节亚洲新人奖单元 评委 
Image14001006-3487.jpg,调浓墨画竿.,857,140010063487,调浓墨画竿.
Image14001006-3649.jpg,"白色垭口与一组嵌入式餐边柜,美观的同时增加空间的收纳机能",858,140010063649,嵌入式餐边柜 收纳机能 白色垭口 
Image14001006-3846.jpg,"师曰:尔等莫怕,知其皆冤屈之鬼,切莫再做恶毒之事,吾领其明善修德",859,140010063846,冤屈之鬼 莫怕 吾领 
Image14001006-3847.jpg,快贷网|网贷黑名单上岸攻略详解!,860,140010063847,网贷黑名单上岸攻略 网 
Image14001006-3849.jpg,"年初该去催债了!教你一招,欠款秒到账!",861,140010063849,欠款 债 招 
Image14001006-4071.jpg,地主爷的来源及祭拜吉日,862,140010064071,地主爷的来源及祭拜吉日
Image14001006-4275.jpg,忻州这里来了一群白天鹅 摄影师随手一拍留住了它们,863,140010064275,忻州 摄影师 白天鹅 
Image14001006-4338.jpg,"这里山涧秋季到处可见酸甜可口的野果,美味极了!",864,140010064338,野果 山涧 美味 
Image14001006-4501.jpg,yt-trb土壤肥料养分速测仪价格,865,140010064501,yt-trb土壤肥料养分速测仪价格 
Image14001006-4538.jpg,"来点木耳边,点缀你的美",866,140010064538,"来点木耳边,点缀你的美"
Image14001006-4570.jpg,正能量中餐厅林大厨给河南捐百万急需物资准备过程好用心,867,140010064570,正能量 餐厅林大厨 物资准备过程好用心 
Image14001006-4706.jpg,"27元开通文库会员,1.",868,140010064706,"27元开通文库会员,1."
Image14001006-4837.jpg,陈裕咸之死追踪:警方文件称假种子案10年前已撤案,869,140010064837,假种子案 警方文件 死 
Image14001006-4849.jpg,"不难发现这两位玩家已经加好友有一段时间了,两位玩家都再相互争夺榜",870,140010064849,玩家 榜 好友 
Image14001006-4862.jpg,"鸣人:5秒一印,佐助:3秒一印,他",871,140010064862,一 人 
Image14001006-4897.jpg,"听说三辰苑菜场那里拉了警戒线?""""我还能去上班吗?",872,140010064897,苑菜场 警戒线 
Image14001006-4955.jpg,"也不用刻意相夫教子,更不需走上以往名媛的社交之路.",873,140010064955,相夫 名媛 社交 
Image14001006-4977.jpg,"正月初一,很养心的几幅小画送你,充满哲理哦!",874,140010064977,小画 哲理 
Image14001006-5004.jpg,靖西市召开农村危房改造攻坚月协调会,875,140010065004,农村危房改造攻坚月协调会 靖西市 
Image14001006-5145.jpg,直播预告 | <人名>:老年高血压的诊断与治疗中国专家共识解读,876,140010065145,直播预告 治疗中国专家共识 高血压 
Image14001006-5230.jpg,"<人名>也与几位主演也在拍摄中也逐渐建立深厚友谊,在拍摄现场大玩",877,140010065230,深厚友谊 主演 
Image14001006-5337.jpg,"十四,产业布局规划",878,140010065337,"十四,产业布局规划"
Image14001006-5577.jpg,"<人名>去邓莎家不仅没带礼物,还偷懒不想干活,包贝尔",879,140010065577,包贝尔 礼物 
Image14001006-5773.jpg,"基金,股票,债券三者的不同",880,140010065773,"基金,股票,债券三者的不同"
Image14001006-5830.jpg,究竟是女神太敬业而入戏太深无法自拔?还是另有隐情呢?,881,140010065830,隐情 戏 女神 
Image14001006-5990.jpg,图为红其拉甫边检站民警在国门界碑前庄严宣誓.,882,140010065990,国门界碑 边检站民警 图 
Image14001006-6059.jpg,"呆头""电鳗万能充""爱心满满!",883,140010066059,"呆头""电鳗万能充""爱心满满!"
Image14001006-6110.jpg,新浙教版八年级上册科学作业本答案,884,140010066110,年级上册科学作业本答案 新浙教版 
Image14001006-6120.jpg,婺源县价格马犬属于大型犬吗_供应信息_金农网,885,140010066120,金农网 婺源县价格马犬 大型犬 
Image14001006-6142.jpg,"top30 · 安信三板 | 大浪淘沙沉者金,紧盯板块领头羊",886,140010066142,安信三板 沉者金 板块领头羊 
Image14001006-6179.jpg,请高手告我缺点是什么怎么改!相机如何设置啊!用的是卡片机.谢谢,887,140010066179,卡片机 相机 高手 
Image14001006-6363.jpg,"开车的过程中,我们经常因为操作步骤先后顺序的不确定,造成",888,140010066363,操作步骤 顺序 过程 
Image14001006-6385.jpg,谁来湖人囊中羞涩难抢庄神考辛斯有望再续前缘大白边也可,889,140010066385,神考辛斯 前缘大白边 湖人 
Image14001006-6434.jpg,销售人员比研发人员高20万,890,140010066434,销售人员比研发人员高20万
Image14001006-6579.jpg,心脑血管病症解剖知识挂图 医院健康文化宣传海报 人体系统解剖图,891,140010066579,心脑血管病症 知识挂图 人体系统 
Image14001006-6815.jpg,"与""火炬""空中干涉部队交战并最大程度消灭其战斗力.",892,140010066815,部队交战 大程度 火炬 
Image14001006-7103.jpg,"手臂会自然伸直,手腕应该落在方向盘上,高空作业车辆是一种由液压或",893,140010067103,作业车辆 方向盘 液压 
Image14001006-7399.jpg,3 价值评估基础.jpg,894,140010067399,3 价值评估基础.jpg
Image14001006-7603.jpg,"喜欢用偏生有书法韵味的宣纸,不适合经常用熟宣书写者",895,140010067603,书法韵味 宣纸 经常用 
Image14001006-7628.jpg,重庆夜景指南_游记,896,140010067628,重庆夜景指南_游记
Image14001006-7671.jpg,"三伏天这样吃冷饮,竟能越吃越瘦.",897,140010067671,冷饮 
Image14001006-7679.jpg,"这是线上考试的一个非常重要的方面,那么在复试前一定要交摄像头还是",898,140010067679,线上考试 摄像头 
Image14001006-7739.jpg,"其次,根据我对体相学的研究,<人名>绝对不是牙签!",899,140010067739,体相学 牙签 研究 
Image14001006-7775.jpg,劳士顿专柜正品手表男女对表情侣表商务休闲防水石英表,900,140010067775,表情侣表商务休闲防水石英表 劳士顿专柜正品手表男女 
Image14001006-7800.jpg,双色套印的聊斋志异新注一册,901,140010067800,双色套印的聊斋志异新注一册
Image14001006-7860.jpg,"<人名>纪念地""送""出精神""迎""回实地学习者",902,140010067860,纪念地 学习者 精神 
Image14001006-7891.jpg,"如果未来一段时间内我国用电需求没有增加,供大于求的情况不能缓解",903,140010067891,电需求 大于求 我国 
Image14001006-8007.jpg,"脂砚斋重评石头记(套色影印本,1975年一版一印)",904,140010068007,脂砚斋 石头 
Image14001006-8013.jpg,"说起<人名>的时候,不知道网友们会不会如小编一样会想起当年他在剧集",905,140010068013,网友们 剧集 
Image14001006-8104.jpg,奔驰v260l高顶商务专业改装厂地址报价,906,140010068104,顶商务专业改装厂地址报价 v260l 
Image14001006-8116.jpg,"此外,她还认为道格拉斯对她不忠,也不是一名称职的父亲.",907,140010068116,道格拉斯 父亲 
Image14001006-8138.jpg,博人却在和巳月仙人,908,140010068138,博人却在和巳月仙人
Image14001006-8150.jpg,"""手""绘集锦:如何保养你的手?",909,140010068150,集锦 手 
Image14001006-8164.jpg,花莲庆修院,910,140010068164,花莲庆修院
Image14001006-8187.jpg,"涨知识!详解纯净水,矿泉水,山泉水和活泉水的区别及适用人群",911,140010068187,山泉水 矿泉水 活泉水 
Image14001006-8309.jpg,"职场有约|""职上青云""讲座邀请函正在派送!注意查收",912,140010068309,讲座邀请函 青云 职场 
Image14001006-8376.jpg,我的世界手机版红石电梯怎么做 简单红石电梯攻略,913,140010068376,简单红石电梯攻略 世界手机版红石电梯 
Image14001006-8420.jpg,"三星大头三星天使!9.克烈粉丝还愿,吊打6三星重骑!10.",914,140010068420,三星大头三星天使 粉丝 星 
Image14001006-8439.jpg,为青年加油为小哥加 ,915,140010068439,为青年加油为小哥加 
Image14001006-8448.jpg,湖南省怀化市靖州苗族侗族自治县茯苓走稳,916,140010068448,湖南省怀化市靖州苗族侗族自治县茯苓 
Image14001006-8471.jpg,纳西族史诗的创造性演绎,917,140010068471,纳西族史诗的创造性演绎
Image14001006-8559.jpg,快看漫画～明日星程,918,140010068559,快看漫画～明日星程
Image14001006-8632.jpg,"按照我们中原的习俗,这么漂亮的小姐姐必须抢过来!",919,140010068632,小姐姐 习俗 中原 
Image14001006-8639.jpg,绿洲香格丽花园(别墅) 4室2厅 4500元,920,140010068639,绿洲香格丽花园 室 厅 
Image14001006-8741.jpg,看动画也能玩转艺术?成龙大哥携手蕃茄田艺术带你走进,921,140010068741,蕃茄田艺术 动画 大哥 
Image14001006-8767.jpg,"当健身遇上人工智能,fiture魔镜开启家庭科技健身新时代",922,140010068767,"人工智能,fiture魔镜 家庭科技健身新时代 "
Image14001006-8896.jpg,"金融和科技股火爆连板,a股市场的特点,赵老哥",923,140010068896,a股市场 赵老哥 科技股火爆连板 
Image14001006-8938.jpg,"工作人员走进各社区检查指导菜鸟驿站,企业,小区做好每日出入人员的",924,140010068938,菜鸟驿站 工作人员 小区 
Image14001006-9087.jpg,"邯郸有座""悬空古建筑"",仅用9根铁链保持平衡,险峻不输",925,140010069087,古建筑 铁链 邯郸 
Image14001006-9321.jpg,宿州节能除尘器价格,926,140010069321,宿州节能除尘器价格
Image14001006-9387.jpg,网友:全网穿牛仔最丑的,927,140010069387,网友:全网穿牛仔最丑的
Image14001006-9424.jpg,"终于三年过后,我学成而归,电话那头和男友视频都掩饰不住我的喜悦",928,140010069424,男友视频 喜悦 头 
Image14001006-9511.jpg,"笔底乾坤书不尽,杯中日月照无涯.悯怀黎庶为圆梦,偶拾蓬蒿即有家.",929,140010069511,涯.悯 偶拾蓬蒿 乾坤书 
Image14001006-9718.jpg,"从先导指标看,其关注类贷款占比1.25%,较年初下降0.",930,140010069718,先导指标 类贷款 
Image14001006-9800.jpg,"速动资产指流动资产中变现能力较强的 那部分资产,一般指货币资金",931,140010069800,速动资产 变现能力 流动资产 
Image14001006-9846.jpg,出险次数和次年保费涨幅有何关系?,932,140010069846,保费涨幅 次数 关系 
Image14001007-0018.jpg,江西靖安交警:指挥中心精准研判让遮挡号牌 无处遁形,933,140010070018,指挥中心 江西靖安交警 号牌 
Image14001007-0173.jpg,"夫妻之间,无论情深情浅,都不能有这8种作死的行为!",934,140010070173,情深情浅 夫妻 行为 
Image14001007-0229.jpg,河南一农民收养日本兵47年他回国后如何回报老农一家,935,140010070229,日本兵 老农 农民 
Image14001007-0270.jpg,儿童diy布艺手偶不织布缝制粘贴幼儿园圣诞节手工制作创意材料包,936,140010070270,儿童diy布艺手 创意材料包 幼儿园 
Image14001007-0467.jpg,"嵊州建筑行业精英周五""零距离""观摩绿城剡江越园工程质量",937,140010070467,嵊州建筑行业精英 剡江越园工程质量 观摩 
Image14001007-0548.jpg,"转载|中国地质大学(北京)""我和我的祖国""主题教育活动",938,140010070548,中国地质大学 主题教育活动 祖国 
Image14001007-0630.jpg,"真人脚の参考素材照片(点击进入,文末一键打包下载)",939,140010070630,真人脚 参考素材照片 
Image14001007-0685.jpg,大阪京都箱根东京四城游,940,140010070685,大阪京都箱根东京四城游
Image14001007-0691.jpg,曝<人名>主动求和示好福原爱坚持离婚不承认出轨遭日媒讽刺,941,140010070691,日媒 福原爱 
Image14001007-0767.jpg,反校园欺凌我一定做到!,942,140010070767,反校园欺凌我一定做到!
Image14001007-0800.jpg,豆瓣拉踩小组57362个亿只母驴,943,140010070800,豆瓣 驴 小组 
Image14001007-0879.jpg,罗小黑战记 小黑 小白截头像嘻嘻,944,140010070879,小黑战 头像 小白 
Image14001007-0889.jpg,厕所 家居 设计 卫生间 卫生间装修 装修 640_464,945,140010070889,卫生间 家居 厕所 
Image14001007-0938.jpg,天猫【华生大牌】防爆充电暖宝暖手宝热水袋,946,140010070938,华生大牌 防爆充电暖宝暖手宝热水袋 天猫 
Image14001007-0979.jpg,<人名>戴lacoste眼镜拍摄时尚大片_亿超眼镜网,947,140010070979,戴lacoste眼镜 眼镜网 时尚大片_亿 
Image14001007-1041.jpg,重庆应对最新疫情部分航空公司免费退改多场演出和活动取消,948,140010071041,最新疫情部分航空公司 重庆 演出 
Image14001007-1239.jpg,荣县:细落实防控措施 织密疫情防控网,949,140010071239,密疫情防控网 防控措施 荣县 
Image14001007-1250.jpg,"cad2010.天正2013屏幕成白色,怎样修改成黑色?",950,140010071250,cad2010. 屏幕 白色 
Image14001007-1286.jpg,"<人名>出生在浙江的一个小渔岛,家中祖祖辈辈都是以打渔为生.",951,140010071286,小渔岛 祖祖辈辈 渔 
Image14001007-1339.jpg,"三国死得最窝囊的五个人物:关羽未上榜,张飞第二,此人",952,140010071339,关羽 张飞 国 
Image14001007-1379.jpg,"除缴费年限,返还年龄不一样外,保障内容完全一致.",953,140010071379,缴费年限 年龄 内容 
Image14001007-1458.jpg,西峰的路上没有太陡.,954,140010071458,西峰的路上没有太陡.
Image14001007-1498.jpg,医疗机构|药品,955,140010071498,医疗机构|药品
Image14001007-1551.jpg,"活动由港股百强研究中心主办,财华社承办,中国太平保险集团旗下中国",956,140010071551,中国太平保险集团旗下中国 财华社 港股 
Image14001007-1560.jpg,城市短片素材 中国广州天河体育中心鸟瞰绿化带,957,140010071560,城市短片素材 中国广州天河体育中心 绿化带 
Image14001007-1641.jpg,"【民生】2018年奉贤区337个早餐摊贩点位公布,有您附近的吗?",958,140010071641,民生 早餐摊贩点位 奉贤区 
Image14001007-1682.jpg,"一场关系到人民福祉,关乎民族未来的深刻变革,就此开启.",959,140010071682,深刻变革 人民福祉 民族 
Image14001007-1687.jpg,"盘点有趣的文人书信,苏轼常用""呵呵""与友人交流",960,140010071687,文人书信 友人交流 苏轼 
Image14001007-1712.jpg,【2店通用】柳峙韩国炭火烤肉,961,140010071712,【2店通用】柳峙韩国炭火烤肉
Image14001007-1776.jpg,"太原泰博宾馆预订价格,联系电话位置地址【携程酒店】",962,140010071776,携程酒店 博宾馆预订价格 联系电话位置地址 太原 
Image14001007-1857.jpg,"这与拳击项目小游戏相同,玩法上都更具有对抗性,比如柔道项目就需要",963,140010071857,拳击项目小游戏 柔道项目 玩法 
Image14001007-1891.jpg,"希望世界上的每一个人,每一个生命能够健康成长",964,140010071891,生命 世界 人 
Image14001007-1973.jpg,据中原地产研究中心的统计数据显示:北京7月全月累计二手房住宅签约,965,140010071973,统计数据 中原地产研究中心 二手房住宅签约 
Image14001007-1978.jpg,"可以确定的一件事情就是在深圳是不缺人的,并且也不缺工作.",966,140010071978,深圳 事情 工作 
Image14001007-2121.jpg,初中物理教科版八年级下册《液体压强》优质课公开课比赛获奖课件面试,967,140010072121,液体压强 年级下册 优质课 比赛获奖课件面试 
Image14001007-2125.jpg,中国亏损上市公司股权结构与经营业绩的实证研究,968,140010072125,实证研究 经营业绩 中国亏损上市公司股权结构 
Image14001007-2290.jpg,【图】雷霆出击/火力少年王动画版改编故事书_江苏社,969,140010072290,图 火力少年王动画版改编故事书 雷霆 江苏社 
Image14001007-2310.jpg,"不管,反正本基就是要参加.",970,140010072310,"不管,反正本基就是要参加."
Image14001007-2332.jpg,思念 中华点心南瓜饼香糯豆沙馅200g 8个装(速冻食品),971,140010072332,中华点心南瓜饼香糯豆沙馅 g 装 
Image14001007-2439.jpg,智能的云对讲系统,972,140010072439,智能的云对讲系统
Image14001007-2498.jpg,古巨基生日高调晒娃妻子没有出现很惋惜两个人已经结婚七年,973,140010072498,娃妻子 古巨基生日高调 个人 
Image14001007-2586.jpg,冷艳的紫色却是爱情最美的样子,974,140010072586,冷艳的紫色却是爱情最美的样子
Image14001007-2619.jpg,"通过前述四个步骤,央行实现了""政策利率→货币市场利率→存款利率",975,140010072619,存款利率 政策利率 货币市场利率 
Image14001007-2641.jpg,大湾区 自贸区下的旧改第一村将华丽变身!31图记录即将逝去的瞬间,976,140010072641,图记录 村将 大湾区 
Image14001007-2647.jpg,石化油服2021年半年度净利369亿元同比净利增加236,977,140010072647,年度净利 石化油服 
Image14001007-2654.jpg,"交通旅游 | 秋高气爽,游玩西湖全靠这份出行攻略了!",978,140010072654,出行攻略 交通旅游 西湖 
Image14001007-2658.jpg,"""挑水老人跪求修路""报道不实(组图)",979,140010072658,修路 老人 报道 
Image14001007-2675.jpg,一带一路|台资企业路在何方:把握时机 向大陆西部转移,980,140010072675,台资企业路 一带 大陆 
Image14001007-2683.jpg,"麻辣串,蘸上蒜水吃起来太爽了～!",981,140010072683,麻辣串 蒜水 
Image14001007-2771.jpg,"超低回撤,稳定收益.",982,140010072771,"超低回撤,稳定收益."
Image14001007-2899.jpg,修明堂姻缘和合符回心转意情感婚姻爱情和好招桃花催姻缘月老符咒,983,140010072899,姻缘月老符咒 明堂姻缘 转意情感婚姻爱情 
Image14001007-2901.jpg,"但因为向西,所以冬日的阳光还是很充分的.",984,140010072901,向西 阳光 
Image14001007-2930.jpg,2010春季灭关台鸽,985,140010072930,2010春季灭关台鸽
Image14001007-3118.jpg,马云:996是修来的福报;<人名>:自媒体缺乏版权意识是大机会,986,140010073118,版权意识 大机会 福报 
Image14001007-3120.jpg,艾德金业克拉里达表示美联储在晚些时候宣布缩债黄金走过山车行情,987,140010073120,艾德金业克拉里达 过山车行情 债黄金 
Image14001007-3146.jpg,江苏省建筑工程公司改制后的名称和地址答:江苏省建筑工程集团有限,988,140010073146,江苏省建筑工程公司 江苏省建筑工程集团 地址答 
Image14001007-3180.jpg,太 平 洋 泰国湾,989,140010073180,太 平 洋 泰国湾
Image14001007-3204.jpg,"有谁知道,历史上一场传染的""鼠疫"",竟然使世界格局发生改变",990,140010073204,世界格局 鼠疫 历史 
Image14001007-3240.jpg,即将开学师生每日健康上报校园启动全面消杀,991,140010073240,师生 校园 
Image14001007-3352.jpg,艺术体操女神黄<人名>闭幕式高挑出众吸晴组图,992,140010073352,晴组图 艺术体操女神 闭幕式 
Image14001007-3414.jpg,"从整体来看,cg这一块看来是花了大价.",993,140010073414,大价 cg 整体 
Image14001007-3422.jpg,"9亿元),同比增长9%,股东应占溢利大增逾一倍至10.",994,140010073422,溢利 股东 
Image14001007-3611.jpg,"经央视点赞后,""山东煎饼花""最近也在网上出圈了.",995,140010073611,山东煎饼 央视 圈 
Image14001007-3660.jpg,"回顾库里本赛季面对近乎疯狂的防守,可真是一分都没有刷啊!",996,140010073660,库里 赛季 防守 
Image14001007-3684.jpg,"因为爱好而打造手机界中的""无印良品""",997,140010073684,因为爱好 无印良品 手机界 
Image14001007-3849.jpg,中钢天源(002057)股吧_东方,998,140010073849,中钢天源股 
Image14001007-3856.jpg,汉城壹号规划图,999,140010073856,汉城壹号规划图
Image14001007-3944.jpg,茂名人以后办理这些业务时限将大大缩短!,1000,140010073944,业务时限 茂名人 
